-- phpMyAdmin SQL Dump
-- version 4.0.10.20
-- https://www.phpmyadmin.net
--
-- Máquina: localhost
-- Data de Criação: 27-Out-2018 às 11:14
-- Versão do servidor: 5.5.61
-- versão do PHP: 5.3.3

SET SQL_MODE = "NO_AUTO_VALUE_ON_ZERO";
SET time_zone = "+00:00";


/*!40101 SET @OLD_CHARACTER_SET_CLIENT=@@CHARACTER_SET_CLIENT */;
/*!40101 SET @OLD_CHARACTER_SET_RESULTS=@@CHARACTER_SET_RESULTS */;
/*!40101 SET @OLD_COLLATION_CONNECTION=@@COLLATION_CONNECTION */;
/*!40101 SET NAMES utf8 */;

--
-- Base de Dados: `audioaju`
--

-- --------------------------------------------------------

--
-- Estrutura da tabela `acessos_paginas`
--

CREATE TABLE IF NOT EXISTS `acessos_paginas` (
  `codigo` int(10) NOT NULL AUTO_INCREMENT,
  `pagina` varchar(255) COLLATE latin1_general_ci NOT NULL,
  `total` int(10) NOT NULL,
  PRIMARY KEY (`codigo`)
) ENGINE=MyISAM  DEFAULT CHARSET=latin1 COLLATE=latin1_general_ci AUTO_INCREMENT=418 ;

--
-- Extraindo dados da tabela `acessos_paginas`
--

INSERT INTO `acessos_paginas` (`codigo`, `pagina`, `total`) VALUES
(1, 'streaming', 147),
(2, 'login', 90),
(3, 'favicon.ico', 175),
(4, 'login-autentica', 71),
(5, 'login-autentica-admin', 31),
(6, '', 1382),
(7, 'screen_size', 133),
(8, 'informacoes', 257),
(9, 'HNAP1', 10),
(10, 'funcoes-ajax', 8881),
(11, 'gerenciar-musicas', 70),
(12, 'utilitario-youtube', 6),
(13, 'programetes', 27),
(14, 'gerenciar-musicas-upload', 31),
(15, 'playlists', 35),
(16, 'gerenciar-playlists', 69),
(17, 'dados-conexao', 2),
(18, 'configuracoes-relay', 4),
(19, 'gerenciar-player-topo', 44),
(20, 'gerenciar-player-popup-responsivo', 6),
(21, 'gerenciar-player-html5-simples', 17),
(22, 'configuracoes-streaming', 11),
(23, 'manager', 36),
(24, 'gerenciar-player-computador', 5),
(25, 'gerenciar-player-celulares', 3),
(26, 'gerenciar-player-popup', 10),
(27, 'gerenciar-player-muses', 9),
(28, 'configuracoes-painel', 4),
(29, 'gerenciar-multipoint', 4),
(30, 'app-android', 30),
(31, 'sair', 7),
(32, 'webdav', 33),
(33, 'help.php', 3),
(34, 'java.php', 4),
(35, '_query.php', 3),
(36, 'test.php', 6),
(37, 'db_pma.php', 2),
(38, 'logon.php', 4),
(39, 'help-e.php', 2),
(40, 'license.php', 4),
(41, 'hell.php', 4),
(42, 'pmd_online.php', 3),
(43, 'x.php', 5),
(44, 'shell.php', 5),
(45, 'desktop.ini.php', 3),
(46, 'z.php', 5),
(47, 'lala.php', 3),
(48, 'lala-dpr.php', 3),
(49, 'wpo.php', 3),
(50, 'text.php', 4),
(51, 'muhstik.php', 4),
(52, 'muhstik2.php', 3),
(53, 'muhstiks.php', 3),
(54, 'muhstik-dpr.php', 2),
(55, 'lol.php', 2),
(56, 'uploader.php', 3),
(57, 'cmd.php', 9),
(58, 'cmx.php', 4),
(59, 'cmv.php', 3),
(60, 'cmdd.php', 3),
(61, 'knal.php', 3),
(62, 'appserv.php', 4),
(63, 'scripts', 9),
(64, 'phpMyAdmin', 126),
(65, 'plugins', 2),
(66, 'cacti', 3),
(67, 'wuwu11.php', 4),
(68, 'xw.php', 4),
(69, 'xw1.php', 2),
(70, '9678.php', 4),
(71, 'xx.php', 6),
(72, 's.php', 5),
(73, 'w.php', 5),
(74, 'sheep.php', 5),
(75, 'qaq.php', 4),
(76, 'db.init.php', 5),
(77, 'db_session.init.php', 4),
(78, 'db__.init.php', 4),
(79, 'wp-admins.php', 4),
(80, 'm.php', 5),
(81, 'db_dataml.php', 4),
(82, 'db_desql.php', 4),
(83, 'qq.php', 9),
(84, 'lindex.php', 4),
(85, 'phpStudy.php', 5),
(86, 'weixiao.php', 4),
(87, 'feixiang.php', 3),
(88, 'ak47.php', 3),
(89, 'ak48.php', 3),
(90, 'xiao.php', 3),
(91, 'yao.php', 3),
(92, 'defect.php', 3),
(93, 'webslee.php', 3),
(94, 'q.php', 6),
(95, 'pe.php', 3),
(96, 'hm.php', 3),
(97, 'cainiao.php', 3),
(98, 'zuoshou.php', 3),
(99, 'zuo.php', 3),
(100, 'aotu.php', 3),
(101, 'bak.php', 3),
(102, 'system.php', 3),
(103, 'l6.php', 3),
(104, 'l7.php', 3),
(105, 'l8.php', 3),
(106, '56.php', 2),
(107, 'mz.php', 2),
(108, 'yumo.php', 2),
(109, 'min.php', 2),
(110, 'wan.php', 2),
(111, 'wanan.php', 3),
(112, 'ssaa.php', 3),
(113, 'aw.php', 2),
(114, 'hh.php', 2),
(115, 'ip.php', 2),
(116, 'index.php', 5),
(117, 'pmd', 6),
(118, 'pma', 23),
(119, 'PMA2', 6),
(120, 'pmamy', 5),
(121, 'pmamy2', 6),
(122, 'mysql', 71),
(123, 'db', 11),
(124, 'dbadmin', 11),
(125, 'web', 13),
(126, 'mysqladmin', 14),
(127, 'mysql-admin', 12),
(128, 'phpadmin', 14),
(129, 'phpmyadmin0', 5),
(130, 'phpmyadmin1', 8),
(131, 'phpmyadmin2', 10),
(132, 'phpMyAdmin-4.4.0', 4),
(133, 'myadmin', 50),
(134, 'myadmin2', 5),
(135, 'phpMyadmin_bak', 5),
(136, 'www', 7),
(137, 'tools', 5),
(138, 'phpmyadmin-old', 7),
(139, 'phpMyAdminold', 6),
(140, 'phpMyAdmin.old', 5),
(141, 'pma-old', 7),
(142, 'claroline', 6),
(143, 'typo3', 35),
(144, 'phpma', 7),
(145, 'phpMyAbmin', 6),
(146, 'phpMyAdmin__', 5),
(147, 'phpMyAdmin   ---', 6),
(148, 'v', 5),
(149, 'phpmyadm1n', 10),
(150, 'shaAdmin', 5),
(151, 'phpMyadmi', 5),
(152, 'phpMyAdmion', 7),
(153, 'status', 34),
(154, 'stat', 5),
(155, 'gerenciar-playlists-hora-certa', 10),
(156, 'logs-shoutcast', 2),
(157, 'ouvintes-conectados', 23),
(158, 'drupal', 26),
(159, 'cms', 54),
(160, 'script', 32),
(161, 'jenkins', 35),
(162, 'jmx-console', 31),
(163, 'tomcat-cms', 24),
(164, 'dfn', 48),
(165, 'Catalina', 24),
(166, 'host', 24),
(167, 'joomla', 56),
(168, 'msd', 30),
(169, 'mySqlDumper', 90),
(170, 'msd1.24stable', 30),
(171, 'msd1.24.4', 30),
(172, 'sql', 62),
(173, 'phpMyAdmin-4.2.1-all-languages', 28),
(174, 'phpMyAdmin-4.2.1-english', 28),
(175, 'xampp', 35),
(176, 'webadmin', 31),
(177, 'sqlite', 93),
(178, 'SQLiteManager-1.2.4', 31),
(179, 'sqlitemanager', 62),
(180, 'wordpress', 56),
(181, 'wp', 28),
(182, 'blog', 56),
(183, 'hudson', 9),
(184, 'db_cts.php', 3),
(185, 'htdocs.php', 2),
(186, 'wc.php', 2),
(187, 'wshell.php', 3),
(188, 'xshell.php', 3),
(189, 'conflg.php', 3),
(190, 'estatisticas', 6),
(191, 'chat', 1),
(192, 'inc', 1),
(193, 'log.php', 3),
(194, 'wp-config.php', 2),
(195, 'mx.php', 2),
(196, 'sitemap.xml', 2),
(197, '.well-known', 2),
(198, 'login.action', 1),
(199, 'index.action', 1),
(200, 'index.htm', 1),
(201, 'index.html', 1),
(202, 'index.jsp', 1),
(203, 'home.jsp', 1),
(204, 'main.jsp', 1),
(205, 'main.action', 1),
(206, 'index.do', 1),
(207, 'main.do', 1),
(208, 'home.do', 1),
(209, 'login.do', 2),
(210, 'register.action', 1),
(211, 'register.do', 1),
(212, 'site.action', 1),
(213, 'site.do', 1),
(214, 'main.php', 1),
(215, 'test', 1),
(216, 'agSearch', 1),
(217, 'openserver', 1),
(218, 'phpMyAdmin-2', 4),
(219, 'php-my-admin', 6),
(220, 'phpMyAdmin-2.2.3', 1),
(221, 'phpMyAdmin-2.2.6', 2),
(222, 'phpMyAdmin-2.5.1', 2),
(223, 'phpMyAdmin-2.5.4', 2),
(224, 'phpMyAdmin-2.5.5-rc1', 2),
(225, 'phpMyAdmin-2.5.5-rc2', 2),
(226, 'phpMyAdmin-2.5.5', 2),
(227, 'phpMyAdmin-2.5.5-pl1', 2),
(228, 'phpMyAdmin-2.5.6-rc1', 2),
(229, 'phpMyAdmin-2.5.6-rc2', 2),
(230, 'phpMyAdmin-2.5.6', 2),
(231, 'phpMyAdmin-2.5.7', 2),
(232, 'phpMyAdmin-2.5.7-pl1', 2),
(233, 'phpMyAdmin-2.6.0-alpha', 2),
(234, 'phpMyAdmin-2.6.0-alpha2', 2),
(235, 'phpMyAdmin-2.6.0-beta1', 1),
(236, 'phpMyAdmin-2.6.0-beta2', 1),
(237, 'phpMyAdmin-2.6.0-rc1', 1),
(238, 'phpMyAdmin-2.6.0-rc2', 1),
(239, 'phpMyAdmin-2.6.0-rc3', 1),
(240, 'phpMyAdmin-2.6.0', 1),
(241, 'phpMyAdmin-2.6.0-pl1', 1),
(242, 'phpMyAdmin-2.6.0-pl2', 2),
(243, 'phpMyAdmin-2.6.0-pl3', 1),
(244, 'phpMyAdmin-2.6.1-rc1', 2),
(245, 'phpMyAdmin-2.6.1-rc2', 2),
(246, 'phpMyAdmin-2.6.1', 2),
(247, 'phpMyAdmin-2.6.1-pl1', 1),
(248, 'phpMyAdmin-2.6.1-pl2', 1),
(249, 'phpMyAdmin-2.6.1-pl3', 2),
(250, 'phpMyAdmin-2.6.2-rc1', 3),
(251, 'phpMyAdmin-2.6.2-beta1', 2),
(252, 'phpMyAdmin-2.6.2', 2),
(253, 'phpMyAdmin-2.6.2-pl1', 2),
(254, 'phpMyAdmin-2.6.3', 3),
(255, 'phpMyAdmin-2.6.3-rc1', 2),
(256, 'phpMyAdmin-2.6.3-pl1', 2),
(257, 'phpMyAdmin-2.6.4-rc1', 2),
(258, 'phpMyAdmin-2.6.4-pl1', 2),
(259, 'phpMyAdmin-2.6.4-pl2', 2),
(260, 'phpMyAdmin-2.6.4-pl3', 2),
(261, 'phpMyAdmin-2.6.4-pl4', 2),
(262, 'phpMyAdmin-2.6.4', 2),
(263, 'phpMyAdmin-2.7.0-beta1', 2),
(264, 'phpMyAdmin-2.7.0-rc1', 2),
(265, 'phpMyAdmin-2.7.0-pl1', 2),
(266, 'phpMyAdmin-2.7.0-pl2', 2),
(267, 'phpMyAdmin-2.7.0', 2),
(268, 'phpMyAdmin-2.8.0-beta1', 2),
(269, 'phpMyAdmin-2.8.0-rc1', 2),
(270, 'phpMyAdmin-2.8.0-rc2', 2),
(271, 'phpMyAdmin-2.8.0', 2),
(272, 'phpMyAdmin-2.8.0.1', 2),
(273, 'phpMyAdmin-2.8.0.2', 2),
(274, 'phpMyAdmin-2.8.0.3', 2),
(275, 'phpMyAdmin-2.8.0.4', 2),
(276, 'phpMyAdmin-2.8.1-rc1', 2),
(277, 'phpMyAdmin-2.8.1', 2),
(278, 'phpMyAdmin-2.8.2', 3),
(279, 'sqlmanager', 4),
(280, 'mysqlmanager', 6),
(281, 'p', 4),
(282, 'PMA2005', 9),
(283, 'phpmanager', 4),
(284, 'php-myadmin', 5),
(285, 'phpmy-admin', 5),
(286, 'sqlweb', 4),
(287, 'websql', 7),
(288, 'webdb', 5),
(289, 'cgi-bin', 50),
(290, 'player-barra', 7),
(291, 'muieblackcat', 1),
(292, 'player-facebook', 4),
(293, 'gerenciar-playlists-vinhetas-comerciais', 2),
(294, 'ccvv', 2),
(295, 'yealink', 1),
(296, 'phpmyadmino', 1),
(297, 'w00tw00t.at.blackhats.romanian.anti-sec:)', 5),
(298, 'sqladmin', 2),
(299, 'SSLMySQLAdmin', 2),
(300, 'bbs', 2),
(301, 'cpadmin', 2),
(302, 'cpadmindb', 2),
(303, 'cpanelmysql', 2),
(304, 'cpanelphpmyadmin', 2),
(305, 'cpanelsql', 2),
(306, 'cpphpmyadmin', 2),
(307, 'mysqladminconfig', 2),
(308, 'gerenciar-player-twitter', 2),
(309, 'gerenciar-player-facebook', 2),
(310, 'utilitario-download-mp3', 4),
(311, 'utilitario-download-soundcloud', 3),
(312, 'utilitario-migrar-musicas', 2),
(313, 'gerenciar-programets', 28),
(314, 'configuracoes-autodj', 3),
(315, 'wallet.dat', 1),
(316, 'wallets', 1),
(317, '.bitcoin', 1),
(318, 'login.cgi', 1),
(319, 'stalker_portal', 4),
(320, 'xmlrpc.php', 1),
(321, 'gerenciar-playlists-basico', 5),
(322, 'utilitario-youtube-processa', 2),
(323, 'shell', 1),
(324, 'porta', 1),
(325, 'secrettalk.server', 1),
(326, '12.php', 1),
(327, 'ak.php', 1),
(328, 'infoo.php', 1),
(329, 'qwe.php', 1),
(330, '1213.php', 1),
(331, 'post.php', 1),
(332, 'h1.php', 1),
(333, '3.php', 1),
(334, 'phpinfi.php', 1),
(335, 'aaaa.php', 1),
(336, '9510.php', 1),
(337, 'python.php', 1),
(338, 'default.php', 1),
(339, 'sean.php', 1),
(340, 'app.php', 1),
(341, 'tiandi.php', 1),
(342, 'miao.php', 1),
(343, 'xz.php', 1),
(344, 'linuxse.php', 1),
(345, 'zuoindex.php', 1),
(346, 'zshmindex.php', 1),
(347, 'tomcat.php', 1),
(348, 'ceshi.php', 1),
(349, '1hou.php', 1),
(350, 'ou2.php', 1),
(351, 'zuos.php', 1),
(352, 'zuoss.php', 1),
(353, 'zuoshss.php', 1),
(354, 'boots.php', 1),
(355, 'she.php', 1),
(356, 'qw.php', 1),
(357, 'caonma.php', 1),
(358, 'ss.php', 2),
(359, 'wcp.php', 1),
(360, 'u.php', 1),
(361, 'uuu.php', 1),
(362, 'sss.php', 1),
(363, '1.php', 4),
(364, '2.php', 2),
(365, 'core.php', 1),
(366, 'qaz.php', 1),
(367, 'sha.php', 1),
(368, 'ppx.php', 1),
(369, 'confg.php', 3),
(370, 'conf1g.php', 1),
(371, 'ver.php', 1),
(372, 'hack.php', 1),
(373, 'qa.php', 1),
(374, 'xxx.php', 1),
(375, '92.php', 1),
(376, 'dexgp.php', 1),
(377, 'nuoxi.php', 1),
(378, 'godkey.php', 1),
(379, 'okokok.php', 1),
(380, 'erwa.php', 1),
(381, 'pma.php', 1),
(382, 'ruyi.php', 1),
(383, '51314.php', 1),
(384, '5201314.php', 1),
(385, 'fusheng.php', 1),
(386, 'general.php', 1),
(387, 'repeat.php', 1),
(388, 'ldw.php', 1),
(389, 's1.php', 1),
(390, 'xiaodai.php', 1),
(391, 'hello.php', 1),
(392, 'xp.php', 1),
(393, 'p.php', 1),
(394, 'a.php', 1),
(395, 'conf.php', 1),
(396, '123.php', 1),
(397, 'HX.php', 1),
(398, 'diy.php', 1),
(399, '666.php', 1),
(400, '777.php', 1),
(401, 'qwq.php', 1),
(402, '.php', 1),
(403, 'infos.php', 1),
(404, 'htfr.php', 1),
(405, 'zzk.php', 1),
(406, 'xiaoma.php', 1),
(407, 'xiaomae.php', 1),
(408, 'xiaomar.php', 1),
(409, 'data.php', 1),
(410, 'fack.php', 1),
(411, 'angge.php', 1),
(412, '.', 1),
(413, 'info.php', 1),
(414, 'info2.php', 1),
(415, 'info3.php', 2),
(416, 'A2danNoZcnaI6s3I1VBISlBEue', 1),
(417, '10', 1);

-- --------------------------------------------------------

--
-- Estrutura da tabela `administradores`
--

CREATE TABLE IF NOT EXISTS `administradores` (
  `codigo` int(10) NOT NULL AUTO_INCREMENT,
  `nome` varchar(255) COLLATE latin1_general_ci NOT NULL,
  `usuario` varchar(255) COLLATE latin1_general_ci NOT NULL,
  `senha` varchar(255) COLLATE latin1_general_ci NOT NULL,
  PRIMARY KEY (`codigo`)
) ENGINE=MyISAM  DEFAULT CHARSET=latin1 COLLATE=latin1_general_ci AUTO_INCREMENT=2 ;

--
-- Extraindo dados da tabela `administradores`
--

INSERT INTO `administradores` (`codigo`, `nome`, `usuario`, `senha`) VALUES
(1, 'Administrador', 'iracildo', '*DB469070DB0AD0CA0B93040D166D7FC4713D6961');

-- --------------------------------------------------------

--
-- Estrutura da tabela `apps`
--

CREATE TABLE IF NOT EXISTS `apps` (
  `codigo` int(10) NOT NULL AUTO_INCREMENT,
  `codigo_stm` int(10) NOT NULL,
  `radio_nome` varchar(255) COLLATE latin1_general_ci NOT NULL,
  `radio_email` varchar(255) COLLATE latin1_general_ci NOT NULL,
  `radio_site` varchar(255) COLLATE latin1_general_ci NOT NULL,
  `radio_facebook` varchar(255) COLLATE latin1_general_ci NOT NULL,
  `radio_twitter` varchar(255) COLLATE latin1_general_ci NOT NULL,
  `radio_descricao` text COLLATE latin1_general_ci NOT NULL,
  `play` char(3) COLLATE latin1_general_ci NOT NULL,
  `hash` varchar(255) COLLATE latin1_general_ci NOT NULL,
  `apk` varchar(255) COLLATE latin1_general_ci NOT NULL,
  `zip` varchar(255) COLLATE latin1_general_ci NOT NULL,
  `package` varchar(255) COLLATE latin1_general_ci NOT NULL,
  `tipo` varchar(255) COLLATE latin1_general_ci NOT NULL DEFAULT 'android',
  `aviso` text COLLATE latin1_general_ci NOT NULL,
  `status` int(1) NOT NULL DEFAULT '0',
  `data` datetime NOT NULL,
  `print` varchar(255) COLLATE latin1_general_ci NOT NULL,
  `source` varchar(255) COLLATE latin1_general_ci NOT NULL DEFAULT 'source1',
  `log_build` longtext COLLATE latin1_general_ci NOT NULL,
  `compilado` char(3) COLLATE latin1_general_ci DEFAULT 'nao',
  PRIMARY KEY (`codigo`)
) ENGINE=MyISAM  DEFAULT CHARSET=latin1 COLLATE=latin1_general_ci AUTO_INCREMENT=3 ;

--
-- Extraindo dados da tabela `apps`
--

INSERT INTO `apps` (`codigo`, `codigo_stm`, `radio_nome`, `radio_email`, `radio_site`, `radio_facebook`, `radio_twitter`, `radio_descricao`, `play`, `hash`, `apk`, `zip`, `package`, `tipo`, `aviso`, `status`, `data`, `print`, `source`, `log_build`, `compilado`) VALUES
(2, 47, 'cdr', '', 'www.cdrpainel.com', '', '', '', '', 'cdr_30491931d0d510243046864dbc71a8c9', 'App-cdr.apk', 'cdr_30491931d0d510243046864dbc71a8c9.zip', 'com.shoutcast.stm.cdr', 'android', '', 1, '2018-10-20 18:43:23', 'app_android/apps/tmp/cdr_30491931d0d510243046864dbc71a8c9-img-play-app.png', 'source', '', 'sim');

-- --------------------------------------------------------

--
-- Estrutura da tabela `atalhos`
--

CREATE TABLE IF NOT EXISTS `atalhos` (
  `codigo` int(10) NOT NULL AUTO_INCREMENT,
  `codigo_stm` int(10) NOT NULL,
  `menu` varchar(255) COLLATE latin1_general_ci NOT NULL,
  `lang` varchar(255) COLLATE latin1_general_ci NOT NULL,
  `ordem` int(10) NOT NULL,
  PRIMARY KEY (`codigo`)
) ENGINE=MyISAM DEFAULT CHARSET=latin1 COLLATE=latin1_general_ci AUTO_INCREMENT=1 ;

-- --------------------------------------------------------

--
-- Estrutura da tabela `avisos`
--

CREATE TABLE IF NOT EXISTS `avisos` (
  `codigo` int(10) NOT NULL AUTO_INCREMENT,
  `codigo_servidor` int(10) NOT NULL,
  `area` varchar(255) COLLATE latin1_general_ci NOT NULL,
  `titulo` varchar(255) COLLATE latin1_general_ci NOT NULL,
  `descricao` longtext COLLATE latin1_general_ci NOT NULL,
  `data` date NOT NULL,
  `mensagem` longtext COLLATE latin1_general_ci NOT NULL,
  `status` char(3) COLLATE latin1_general_ci NOT NULL DEFAULT 'sim',
  PRIMARY KEY (`codigo`)
) ENGINE=MyISAM  DEFAULT CHARSET=latin1 COLLATE=latin1_general_ci AUTO_INCREMENT=3 ;

--
-- Extraindo dados da tabela `avisos`
--

INSERT INTO `avisos` (`codigo`, `codigo_servidor`, `area`, `titulo`, `descricao`, `data`, `mensagem`, `status`) VALUES
(2, 0, 'streaming', 'Painel DEMO', 'Esse é nosso novo painel stream.', '2018-06-26', 'Aqui poderá ver e testar as funções do nosso <br />\r\nsistema stream.', 'sim');

-- --------------------------------------------------------

--
-- Estrutura da tabela `avisos_desativados`
--

CREATE TABLE IF NOT EXISTS `avisos_desativados` (
  `codigo` int(10) NOT NULL AUTO_INCREMENT,
  `codigo_aviso` int(10) NOT NULL,
  `codigo_usuario` int(10) NOT NULL,
  `area` varchar(255) COLLATE latin1_general_ci NOT NULL,
  `data` date NOT NULL,
  PRIMARY KEY (`codigo`)
) ENGINE=MyISAM  DEFAULT CHARSET=latin1 COLLATE=latin1_general_ci AUTO_INCREMENT=7 ;

--
-- Extraindo dados da tabela `avisos_desativados`
--

INSERT INTO `avisos_desativados` (`codigo`, `codigo_aviso`, `codigo_usuario`, `area`, `data`) VALUES
(1, 2, 7000, 'streaming', '2018-10-03'),
(2, 2, 7000, 'streaming', '2018-10-03'),
(3, 2, 7000, 'streaming', '2018-10-03'),
(4, 2, 7002, 'streaming', '2018-10-03'),
(5, 2, 9000, 'streaming', '2018-10-03'),
(6, 2, 12555, 'streaming', '2018-10-22');

-- --------------------------------------------------------

--
-- Estrutura da tabela `bloqueios_login`
--

CREATE TABLE IF NOT EXISTS `bloqueios_login` (
  `codigo` int(10) NOT NULL AUTO_INCREMENT,
  `codigo_cliente` int(10) NOT NULL,
  `codigo_stm` int(10) NOT NULL,
  `data` datetime NOT NULL,
  `ip` varchar(255) COLLATE latin1_general_ci NOT NULL,
  `navegador` varchar(255) COLLATE latin1_general_ci NOT NULL,
  `tentativas` int(10) NOT NULL,
  PRIMARY KEY (`codigo`)
) ENGINE=MyISAM  DEFAULT CHARSET=latin1 COLLATE=latin1_general_ci AUTO_INCREMENT=21 ;

--
-- Extraindo dados da tabela `bloqueios_login`
--

INSERT INTO `bloqueios_login` (`codigo`, `codigo_cliente`, `codigo_stm`, `data`, `ip`, `navegador`, `tentativas`) VALUES
(18, 0, 39, '2018-10-03 15:18:03', '179.222.143.42', 'Chrome 69.0.3497.100', 1),
(20, 0, 47, '2018-10-20 18:04:14', '189.124.92.167', 'Chrome 69.0.3497.100', 1);

-- --------------------------------------------------------

--
-- Estrutura da tabela `configuracoes`
--

CREATE TABLE IF NOT EXISTS `configuracoes` (
  `dominio_cdn` varchar(255) COLLATE latin1_general_ci NOT NULL,
  `dominio_padrao` varchar(255) COLLATE latin1_general_ci NOT NULL,
  `codigo_servidor_atual` int(10) NOT NULL,
  `codigo_servidor_aacplus_atual` int(10) NOT NULL,
  `usar_cdn` char(3) COLLATE latin1_general_ci NOT NULL DEFAULT 'sim',
  `manutencao` char(3) COLLATE latin1_general_ci NOT NULL DEFAULT 'nao'
) ENGINE=MyISAM DEFAULT CHARSET=latin1 COLLATE=latin1_general_ci;

--
-- Extraindo dados da tabela `configuracoes`
--

INSERT INTO `configuracoes` (`dominio_cdn`, `dominio_padrao`, `codigo_servidor_atual`, `codigo_servidor_aacplus_atual`, `usar_cdn`, `manutencao`) VALUES
('', 'cdrpainel.ml', 1, 2, 'nao', 'nao');

-- --------------------------------------------------------

--
-- Estrutura da tabela `dicas_rapidas`
--

CREATE TABLE IF NOT EXISTS `dicas_rapidas` (
  `codigo` int(10) NOT NULL AUTO_INCREMENT,
  `titulo` varchar(255) COLLATE latin1_general_ci NOT NULL,
  `mensagem` text COLLATE latin1_general_ci NOT NULL,
  `exibir` char(3) COLLATE latin1_general_ci NOT NULL DEFAULT 'sim',
  PRIMARY KEY (`codigo`)
) ENGINE=MyISAM DEFAULT CHARSET=latin1 COLLATE=latin1_general_ci AUTO_INCREMENT=1 ;

-- --------------------------------------------------------

--
-- Estrutura da tabela `dicas_rapidas_acessos`
--

CREATE TABLE IF NOT EXISTS `dicas_rapidas_acessos` (
  `codigo` int(10) NOT NULL AUTO_INCREMENT,
  `codigo_stm` int(10) NOT NULL,
  `codigo_dica` int(10) NOT NULL,
  `total` int(10) NOT NULL DEFAULT '0',
  PRIMARY KEY (`codigo`)
) ENGINE=MyISAM DEFAULT CHARSET=latin1 COLLATE=latin1_general_ci AUTO_INCREMENT=1 ;

-- --------------------------------------------------------

--
-- Estrutura da tabela `djs`
--

CREATE TABLE IF NOT EXISTS `djs` (
  `codigo` int(10) NOT NULL AUTO_INCREMENT,
  `codigo_stm` int(10) NOT NULL,
  `login` varchar(255) COLLATE latin1_general_ci NOT NULL,
  `senha` varchar(255) COLLATE latin1_general_ci NOT NULL,
  `hora_inicio` char(5) COLLATE latin1_general_ci NOT NULL,
  `hora_fim` char(5) COLLATE latin1_general_ci NOT NULL,
  `dias_semana` int(3) NOT NULL,
  PRIMARY KEY (`codigo`)
) ENGINE=MyISAM  DEFAULT CHARSET=latin1 COLLATE=latin1_general_ci AUTO_INCREMENT=3 ;

-- --------------------------------------------------------

--
-- Estrutura da tabela `djs_restricoes`
--

CREATE TABLE IF NOT EXISTS `djs_restricoes` (
  `codigo` int(10) NOT NULL AUTO_INCREMENT,
  `codigo_stm` int(10) NOT NULL,
  `codigo_dj` int(10) NOT NULL,
  `hora_inicio` char(5) COLLATE latin1_general_ci NOT NULL,
  `hora_fim` char(5) COLLATE latin1_general_ci NOT NULL,
  `dias_semana` int(3) NOT NULL,
  PRIMARY KEY (`codigo`)
) ENGINE=MyISAM DEFAULT CHARSET=latin1 COLLATE=latin1_general_ci AUTO_INCREMENT=1 ;

-- --------------------------------------------------------

--
-- Estrutura da tabela `dominios_bloqueados`
--

CREATE TABLE IF NOT EXISTS `dominios_bloqueados` (
  `dominio` varchar(255) NOT NULL
) ENGINE=MyISAM DEFAULT CHARSET=latin1;

-- --------------------------------------------------------

--
-- Estrutura da tabela `estatisticas`
--

CREATE TABLE IF NOT EXISTS `estatisticas` (
  `codigo` int(10) NOT NULL AUTO_INCREMENT,
  `codigo_stm` int(10) NOT NULL,
  `data` date NOT NULL,
  `hora` time NOT NULL,
  `ip` varchar(255) COLLATE latin1_general_ci NOT NULL DEFAULT '000.000.000.000',
  `pais` varchar(255) COLLATE latin1_general_ci NOT NULL,
  `tempo_conectado` int(20) NOT NULL DEFAULT '0',
  `player` varchar(255) COLLATE latin1_general_ci NOT NULL,
  PRIMARY KEY (`codigo`),
  KEY `indice_stm` (`codigo_stm`),
  KEY `indice_pais` (`codigo_stm`,`pais`(10)),
  KEY `indice_data` (`codigo_stm`,`data`),
  KEY `indice_tempo_conectado` (`codigo_stm`,`tempo_conectado`),
  KEY `indice_ip` (`codigo_stm`,`ip`(15)),
  KEY `indice_robot` (`codigo_stm`,`data`,`ip`(12)),
  KEY `player` (`player`),
  KEY `codigo_stm` (`codigo_stm`,`data`,`hora`)
) ENGINE=MyISAM  DEFAULT CHARSET=latin1 COLLATE=latin1_general_ci AUTO_INCREMENT=19 ;

--
-- Extraindo dados da tabela `estatisticas`
--

INSERT INTO `estatisticas` (`codigo`, `codigo_stm`, `data`, `hora`, `ip`, `pais`, `tempo_conectado`, `player`) VALUES
(18, 47, '2018-10-26', '13:02:01', '138.255.112.42', 'IP sem informações de localização', 2145, 'HTML5'),
(17, 47, '2018-10-25', '12:42:02', '138.255.112.42', 'IP sem informações de localização', 135, 'HTML5'),
(16, 47, '2018-10-22', '15:00:02', '138.255.112.42', 'IP sem informações de localização', 250, 'HTML5'),
(15, 47, '2018-10-22', '00:50:01', '189.124.92.166', 'Brasil', 1399, 'HTML5'),
(14, 47, '2018-10-21', '01:24:01', '189.124.92.166', 'Brasil', 356, 'HTML5'),
(13, 47, '2018-10-20', '18:30:01', '131.72.127.50', 'Estados Unidos', 109, 'Android RTSP'),
(12, 47, '2018-10-20', '14:04:02', '179.222.143.234', 'Brasil', 330, 'HTML5');

-- --------------------------------------------------------

--
-- Estrutura da tabela `estatisticas2`
--

CREATE TABLE IF NOT EXISTS `estatisticas2` (
  `codigo` int(10) NOT NULL AUTO_INCREMENT,
  `codigo_stm` int(10) NOT NULL,
  `data` date NOT NULL,
  `hora` time NOT NULL,
  `ip` varchar(255) COLLATE latin1_general_ci NOT NULL DEFAULT '000.000.000.000',
  `pais` varchar(255) COLLATE latin1_general_ci NOT NULL,
  `tempo_conectado` int(20) NOT NULL DEFAULT '0',
  `player` varchar(255) COLLATE latin1_general_ci NOT NULL,
  PRIMARY KEY (`codigo`),
  KEY `indice_stm` (`codigo_stm`),
  KEY `indice_pais` (`codigo_stm`,`pais`(10)),
  KEY `indice_data` (`codigo_stm`,`data`),
  KEY `indice_tempo_conectado` (`codigo_stm`,`tempo_conectado`),
  KEY `indice_ip` (`codigo_stm`,`ip`(15)),
  KEY `indice_robot` (`codigo_stm`,`data`,`ip`(12)),
  KEY `player` (`player`),
  KEY `codigo_stm` (`codigo_stm`,`data`,`hora`)
) ENGINE=MyISAM  DEFAULT CHARSET=latin1 COLLATE=latin1_general_ci AUTO_INCREMENT=9 ;

-- --------------------------------------------------------

--
-- Estrutura da tabela `estatisticas_redessociais`
--

CREATE TABLE IF NOT EXISTS `estatisticas_redessociais` (
  `codigo` int(10) NOT NULL AUTO_INCREMENT,
  `codigo_stm` int(10) NOT NULL,
  `data` date NOT NULL,
  `ip` varchar(255) COLLATE latin1_general_ci NOT NULL,
  `pais` varchar(255) COLLATE latin1_general_ci NOT NULL,
  `player` varchar(255) COLLATE latin1_general_ci NOT NULL,
  PRIMARY KEY (`codigo`)
) ENGINE=MyISAM DEFAULT CHARSET=latin1 COLLATE=latin1_general_ci AUTO_INCREMENT=1 ;

-- --------------------------------------------------------

--
-- Estrutura da tabela `logs`
--

CREATE TABLE IF NOT EXISTS `logs` (
  `codigo` int(10) NOT NULL AUTO_INCREMENT,
  `data` datetime NOT NULL,
  `host` varchar(255) COLLATE latin1_general_ci NOT NULL DEFAULT 'http://',
  `ip` varchar(255) COLLATE latin1_general_ci NOT NULL,
  `navegador` varchar(255) COLLATE latin1_general_ci NOT NULL,
  `log` text COLLATE latin1_general_ci NOT NULL,
  PRIMARY KEY (`codigo`)
) ENGINE=MyISAM  DEFAULT CHARSET=latin1 COLLATE=latin1_general_ci AUTO_INCREMENT=75 ;

--
-- Extraindo dados da tabela `logs`
--

INSERT INTO `logs` (`codigo`, `data`, `host`, `ip`, `navegador`, `log`) VALUES
(1, '2018-10-03 00:55:49', 'http://5.135.59.70', '179.222.143.42', 'Chrome 69.0.3497.100', '[7000] Acesso administrativo ao painel deo streaming executado com sucesso.'),
(2, '2018-10-03 00:58:27', 'http://5.135.59.70', '179.222.143.42', 'Chrome 69.0.3497.100', '[7000] Acesso administrativo ao painel deo streaming executado com sucesso.'),
(3, '2018-10-03 00:59:23', 'http://5.135.59.70', '179.222.143.42', 'Chrome 69.0.3497.100', '[7000] Streaming desbloqueado com sucesso pelo administrador.'),
(4, '2018-10-03 01:14:06', 'http://5.135.59.70', '179.222.143.42', 'Chrome 69.0.3497.100', '[7000] Acesso administrativo ao painel deo streaming executado com sucesso.'),
(5, '2018-10-03 01:17:20', 'http://cdrpainel.ml', '138.255.112.42', 'Chrome 69.0.3497.100', '[7000] Streaming removido com sucesso pelo administrador.'),
(6, '2018-10-03 01:20:41', 'http://cdrpainel.ml', '138.255.112.42', 'Chrome 69.0.3497.100', '[7000] Streaming ligado com sucesso.'),
(7, '2018-10-03 01:26:39', 'http://5.135.59.70', '179.222.143.42', 'Chrome 69.0.3497.100', '[7000] Acesso administrativo ao painel deo streaming executado com sucesso.'),
(8, '2018-10-03 01:46:11', 'http://cdrpainel.ml', '138.255.112.42', 'Chrome 69.0.3497.100', '[7000] AutoDJ ligado com sucesso com a playlist mp3-novo'),
(9, '2018-10-03 01:47:22', 'http://5.135.59.70', '179.222.143.42', 'Chrome 69.0.3497.100', '[7002] Acesso administrativo ao painel deo streaming executado com sucesso.'),
(10, '2018-10-03 01:57:25', 'http://5.135.59.70', '179.222.143.42', 'Chrome 69.0.3497.100', '[9000] Acesso administrativo ao painel deo streaming executado com sucesso.'),
(11, '2018-10-03 02:11:11', 'http://5.135.59.70', '179.222.143.42', 'Chrome 69.0.3497.100', '[7000] Acesso administrativo ao painel deo streaming executado com sucesso.'),
(12, '2018-10-03 02:23:35', 'http://5.135.59.70', '179.222.143.42', 'Chrome 69.0.3497.100', '[7002] Acesso administrativo ao painel deo streaming executado com sucesso.'),
(13, '2018-10-03 15:18:27', 'http://5.135.59.70', '179.222.143.42', 'Chrome 69.0.3497.100', '[7000] Acesso administrativo ao painel deo streaming executado com sucesso.'),
(14, '2018-10-03 15:19:37', 'http://5.135.59.70', '179.222.143.42', 'Chrome 69.0.3497.100', '[7002] Acesso administrativo ao painel deo streaming executado com sucesso.'),
(15, '2018-10-03 15:20:12', 'http://5.135.59.70', '179.222.143.42', 'Chrome 69.0.3497.100', '[7000] Acesso administrativo ao painel deo streaming executado com sucesso.'),
(16, '2018-10-03 23:34:58', 'http://5.135.59.70', '179.222.143.42', 'Chrome 69.0.3497.100', '[7000] Acesso administrativo ao painel deo streaming executado com sucesso.'),
(17, '2018-10-03 23:51:51', 'http://5.135.59.70', '179.222.143.42', 'Chrome 69.0.3497.100', '[7000] Acesso administrativo ao painel deo streaming executado com sucesso.'),
(18, '2018-10-04 06:43:37', 'http://5.135.59.70', '179.222.143.42', 'Chrome 69.0.3497.100', '[7000] Acesso administrativo ao painel deo streaming executado com sucesso.'),
(19, '2018-10-04 06:54:12', 'http://5.135.59.70', '179.222.143.42', 'Chrome 69.0.3497.100', '[7000] Acesso administrativo ao painel deo streaming executado com sucesso.'),
(20, '2018-10-04 06:57:01', 'http://cdrpainel.ml', '179.222.143.42', 'Chrome 69.0.3497.100', '[7000] Acesso administrativo ao painel deo streaming executado com sucesso.'),
(21, '2018-10-10 02:04:44', 'http://5.135.59.70', '179.222.143.42', 'Chrome 69.0.3497.100', '[7000] Streaming ligado com sucesso.'),
(22, '2018-10-10 02:04:52', 'http://5.135.59.70', '179.222.143.42', 'Chrome 69.0.3497.100', '[7000] Acesso administrativo ao painel deo streaming executado com sucesso.'),
(23, '2018-10-12 21:47:25', 'http://cdrpainel.ml', '177.180.136.238', 'Chrome 69.0.3497.100', '[7000] Acesso administrativo ao painel deo streaming executado com sucesso.'),
(24, '2018-10-15 02:49:33', 'http://cdrpainel.ml', '138.255.112.42', 'Chrome 69.0.3497.100', '[7000] Streaming desligado com sucesso.'),
(25, '2018-10-15 02:50:16', 'http://cdrpainel.ml', '138.255.112.42', 'Chrome 69.0.3497.100', '[7000] Não foi possível desligar o AutoDJ, ele já esta desligado.'),
(26, '2018-10-15 02:50:36', 'http://cdrpainel.ml', '138.255.112.42', 'Chrome 69.0.3497.100', '[7000] Streaming ligado com sucesso.'),
(27, '2018-10-15 02:51:24', 'http://cdrpainel.ml', '138.255.112.42', 'Chrome 69.0.3497.100', '[7000] AutoDJ ligado com sucesso com a playlist mp3-novo'),
(28, '2018-10-15 19:08:12', 'http://cdrpainel.ml', '138.255.112.42', 'Chrome 69.0.3497.100', '[9000] Streaming removido com sucesso pelo administrador.'),
(29, '2018-10-15 19:08:29', 'http://cdrpainel.ml', '138.255.112.42', 'Chrome 69.0.3497.100', '[7002] Streaming removido com sucesso pelo administrador.'),
(30, '2018-10-15 19:14:13', 'http://cdrpainel.ml', '138.255.112.42', 'Chrome 69.0.3497.100', '[7000] Não foi possível ligar o streaming, ele já esta ligado'),
(31, '2018-10-15 19:14:19', 'http://cdrpainel.ml', '138.255.112.42', 'Chrome 69.0.3497.100', '[7000] Não foi possível ligar o AutoDJ, ele já esta em execussão.'),
(32, '2018-10-15 19:49:08', 'http://cdrpainel.ml', '138.255.112.42', 'Chrome 69.0.3497.100', '[7002] Streaming ligado com sucesso.'),
(33, '2018-10-19 22:48:00', 'http://5.135.59.70', '179.222.143.234', 'Chrome 69.0.3497.100', '[7000] Streaming removido com sucesso pelo administrador.'),
(34, '2018-10-19 22:48:06', 'http://5.135.59.70', '179.222.143.234', 'Chrome 69.0.3497.100', '[7002] Streaming removido com sucesso pelo administrador.'),
(35, '2018-10-19 22:48:44', 'http://5.135.59.70', '179.222.143.234', 'Chrome 69.0.3497.100', '[7000] Acesso administrativo ao painel deo streaming executado com sucesso.'),
(36, '2018-10-19 22:54:32', 'http://cdrpainel.ml', '138.255.112.42', 'Chrome 69.0.3497.100', '[7000] Não foi possível ligar o streaming, erro: '),
(37, '2018-10-19 22:55:32', 'http://cdrpainel.ml', '138.255.112.42', 'Chrome 69.0.3497.100', '[7000] Streaming removido com sucesso pelo administrador.'),
(38, '2018-10-19 22:57:34', 'http://cdrpainel.ml', '138.255.112.42', 'Chrome 69.0.3497.100', '[7000] Não foi possível ligar o streaming, erro: '),
(39, '2018-10-19 22:59:27', 'http://5.135.59.70', '179.222.143.234', 'Chrome 69.0.3497.100', '[7002] Acesso administrativo ao painel deo streaming executado com sucesso.'),
(40, '2018-10-19 22:59:38', 'http://cdrpainel.ml', '138.255.112.42', 'Chrome 69.0.3497.100', '[7000] Não foi possível ligar o streaming, erro: '),
(41, '2018-10-19 23:01:02', 'http://cdrpainel.ml', '138.255.112.42', 'Chrome 69.0.3497.100', '[7002] Acesso administrativo ao painel deo streaming executado com sucesso.'),
(42, '2018-10-19 23:02:44', 'http://5.135.59.70', '179.222.143.234', 'Chrome 69.0.3497.100', '[9004] Não foi possível ligar o streaming, erro: '),
(43, '2018-10-20 13:46:33', 'http://5.135.59.70', '179.222.143.234', 'Chrome 69.0.3497.100', '[7000] Não foi possível ligar o streaming, erro: '),
(44, '2018-10-20 13:46:34', 'http://5.135.59.70', '179.222.143.234', 'Chrome 69.0.3497.100', '[7002] Não foi possível ligar o streaming, erro: '),
(45, '2018-10-20 13:46:34', 'http://5.135.59.70', '179.222.143.234', 'Chrome 69.0.3497.100', '[9004] Não foi possível ligar o streaming, erro: '),
(46, '2018-10-20 13:47:03', 'http://5.135.59.70', '179.222.143.234', 'Chrome 69.0.3497.100', '[7000] Acesso administrativo ao painel deo streaming executado com sucesso.'),
(47, '2018-10-20 13:52:56', 'http://5.135.59.70', '179.222.143.234', 'Chrome 69.0.3497.100', '[7002] Streaming ligado com sucesso.'),
(48, '2018-10-20 13:52:57', 'http://5.135.59.70', '179.222.143.234', 'Chrome 69.0.3497.100', '[9004] Streaming ligado com sucesso.'),
(49, '2018-10-20 13:52:58', 'http://5.135.59.70', '179.222.143.234', 'Chrome 69.0.3497.100', '[7000] Streaming ligado com sucesso.'),
(50, '2018-10-20 13:53:25', 'http://5.135.59.70', '179.222.143.234', 'Chrome 69.0.3497.100', '[7000] Acesso administrativo ao painel deo streaming executado com sucesso.'),
(51, '2018-10-20 13:56:19', 'http://5.135.59.70', '179.222.143.234', 'Chrome 69.0.3497.100', '[9004] Streaming removido com sucesso pelo administrador.'),
(52, '2018-10-20 13:56:28', 'http://5.135.59.70', '179.222.143.234', 'Chrome 69.0.3497.100', '[7002] Streaming removido com sucesso pelo administrador.'),
(53, '2018-10-20 13:56:37', 'http://5.135.59.70', '179.222.143.234', 'Chrome 69.0.3497.100', '[7000] Streaming removido com sucesso pelo administrador.'),
(54, '2018-10-20 13:59:34', 'http://5.135.59.70', '179.222.143.234', 'Chrome 69.0.3497.100', '[7000] Streaming ligado com sucesso.'),
(55, '2018-10-20 13:59:39', 'http://5.135.59.70', '179.222.143.234', 'Chrome 69.0.3497.100', '[7000] Acesso administrativo ao painel deo streaming executado com sucesso.'),
(56, '2018-10-20 18:07:59', 'http://cdrpainel.ml', '189.124.92.167', 'Chrome 69.0.3497.100', '[7000] Acesso administrativo ao painel deo streaming executado com sucesso.'),
(57, '2018-10-21 00:21:39', 'http://cdrpainel.ml', '189.124.92.166', 'Chrome 69.0.3497.100', '[7000] Streaming desligado com sucesso.'),
(58, '2018-10-21 00:21:57', 'http://cdrpainel.ml', '189.124.92.166', 'Chrome 69.0.3497.100', '[7000] Streaming ligado com sucesso.'),
(59, '2018-10-21 00:22:39', 'http://cdrpainel.ml', '189.124.92.166', 'Chrome 69.0.3497.100', '[7000] AutoDJ ligado com sucesso com a playlist minhalist'),
(60, '2018-10-22 18:06:04', 'http://cdrpainel.ml', '138.255.112.42', 'Chrome 69.0.3497.100', '[7000] Acesso administrativo ao painel deo streaming executado com sucesso.'),
(61, '2018-10-22 20:15:36', 'http://cdrpainel.ml', '138.255.112.42', 'Chrome 69.0.3497.100', '[7002] Streaming removido com sucesso pelo administrador.'),
(62, '2018-10-22 20:20:12', 'http://cdrpainel.ml', '179.222.143.234', 'Chrome 69.0.3497.100', '[12555] Streaming ligado com sucesso.'),
(63, '2018-10-22 20:21:11', 'http://cdrpainel.ml', '138.255.112.42', 'Chrome 69.0.3497.100', '[12555] Acesso administrativo ao painel deo streaming executado com sucesso.'),
(64, '2018-10-22 20:24:41', 'http://cdrpainel.ml', '179.222.143.234', 'Chrome 69.0.3497.100', '[7000] Acesso administrativo ao painel deo streaming executado com sucesso.'),
(65, '2018-10-22 20:27:21', 'http://cdrpainel.ml', '179.222.143.234', 'Chrome 69.0.3497.100', '[12555] Acesso administrativo ao painel deo streaming executado com sucesso.'),
(66, '2018-10-22 20:29:12', 'http://cdrpainel.ml', '179.222.143.234', 'Chrome 69.0.3497.100', '[7000] Acesso administrativo ao painel deo streaming executado com sucesso.'),
(67, '2018-10-22 22:03:28', 'http://cdrpainel.ml', '138.255.112.42', 'Chrome 69.0.3497.100', '[7000] Streaming desbloqueado com sucesso pelo administrador.'),
(68, '2018-10-22 22:06:15', 'http://cdrpainel.ml', '138.255.112.42', 'Chrome 69.0.3497.100', '[7000] Acesso administrativo ao painel deo streaming executado com sucesso.'),
(69, '2018-10-24 10:16:58', 'http://cdrpainel.ml', '138.255.112.42', 'Chrome 69.0.3497.100', '[7000] Streaming desbloqueado com sucesso pelo administrador.'),
(70, '2018-10-25 12:39:22', 'http://cdrpainel.ml', '138.255.112.42', 'Chrome 69.0.3497.100', '[7000] Streaming desligado com sucesso.'),
(71, '2018-10-25 12:40:16', 'http://cdrpainel.ml', '138.255.112.42', 'Chrome 69.0.3497.100', '[7000] Streaming ligado com sucesso.'),
(72, '2018-10-25 12:40:42', 'http://cdrpainel.ml', '138.255.112.42', 'Chrome 69.0.3497.100', '[7000] AutoDJ ligado com sucesso com a playlist so_som_bom'),
(73, '2018-10-25 12:41:18', 'http://cdrpainel.ml', '138.255.112.42', 'Chrome 69.0.3497.100', '[7000] Acesso administrativo ao painel deo streaming executado com sucesso.'),
(74, '2018-10-25 23:49:15', 'http://cdrpainel.ml', '138.255.112.42', 'Chrome 69.0.3497.100', '[7000] Acesso administrativo ao painel deo streaming executado com sucesso.');

-- --------------------------------------------------------

--
-- Estrutura da tabela `logs_acessos`
--

CREATE TABLE IF NOT EXISTS `logs_acessos` (
  `codigo` int(10) NOT NULL AUTO_INCREMENT,
  `usuario` varchar(255) NOT NULL,
  `host` varchar(255) NOT NULL,
  `ip` varchar(255) NOT NULL,
  `data` datetime NOT NULL,
  `referer` text NOT NULL,
  `painel` varchar(255) NOT NULL,
  PRIMARY KEY (`codigo`)
) ENGINE=MyISAM DEFAULT CHARSET=latin1 AUTO_INCREMENT=1 ;

-- --------------------------------------------------------

--
-- Estrutura da tabela `logs_streamings`
--

CREATE TABLE IF NOT EXISTS `logs_streamings` (
  `codigo` int(10) NOT NULL AUTO_INCREMENT,
  `codigo_stm` int(10) NOT NULL,
  `data` datetime NOT NULL,
  `host` varchar(255) COLLATE latin1_general_ci NOT NULL,
  `ip` varchar(255) COLLATE latin1_general_ci NOT NULL,
  `navegador` varchar(255) COLLATE latin1_general_ci NOT NULL,
  `log` text COLLATE latin1_general_ci NOT NULL,
  PRIMARY KEY (`codigo`)
) ENGINE=MyISAM  DEFAULT CHARSET=latin1 COLLATE=latin1_general_ci AUTO_INCREMENT=166 ;

--
-- Extraindo dados da tabela `logs_streamings`
--

INSERT INTO `logs_streamings` (`codigo`, `codigo_stm`, `data`, `host`, `ip`, `navegador`, `log`) VALUES
(165, 47, '2018-10-26 12:58:50', 'http://cdrpainel.ml', '138.255.112.42', 'Chrome 69.0.3497.100', 'Acessou o painel de controle.'),
(164, 47, '2018-10-22 22:19:41', 'http://cdrpainel.ml', '138.255.112.42', 'Chrome 69.0.3497.100', 'AutoDJ ligado com sucesso.'),
(163, 47, '2018-10-22 22:19:35', 'http://cdrpainel.ml', '138.255.112.42', 'Chrome 69.0.3497.100', 'Streaming ligado com sucesso.'),
(162, 47, '2018-10-22 22:19:33', 'http://cdrpainel.ml', '138.255.112.42', 'Chrome 69.0.3497.100', 'Streaming desligado com sucesso.'),
(161, 47, '2018-10-22 22:16:41', 'http://cdrpainel.ml', '138.255.112.42', 'Chrome 69.0.3497.100', 'AutoDJ ligado com sucesso.'),
(160, 47, '2018-10-22 22:16:36', 'http://cdrpainel.ml', '138.255.112.42', 'Chrome 69.0.3497.100', 'Streaming ligado com sucesso.'),
(159, 47, '2018-10-22 22:16:35', 'http://cdrpainel.ml', '138.255.112.42', 'Chrome 69.0.3497.100', 'Streaming desligado com sucesso.'),
(158, 47, '2018-10-22 22:15:33', 'http://cdrpainel.ml', '138.255.112.42', 'Chrome 69.0.3497.100', 'AutoDJ ligado com sucesso.'),
(157, 47, '2018-10-22 22:15:14', 'http://cdrpainel.ml', '138.255.112.42', 'Chrome 69.0.3497.100', 'Streaming ligado com sucesso.'),
(156, 47, '2018-10-22 22:15:13', 'http://cdrpainel.ml', '138.255.112.42', 'Chrome 69.0.3497.100', 'Streaming desligado com sucesso.'),
(155, 47, '2018-10-22 22:09:45', 'http://cdrpainel.ml', '138.255.112.42', 'Chrome 69.0.3497.100', 'AutoDJ ligado com sucesso.'),
(154, 47, '2018-10-22 22:09:37', 'http://cdrpainel.ml', '138.255.112.42', 'Chrome 69.0.3497.100', 'Streaming ligado com sucesso.'),
(153, 47, '2018-10-22 22:09:31', 'http://cdrpainel.ml', '138.255.112.42', 'Chrome 69.0.3497.100', 'Não foi possível ligar o AutoDJ<br />Você deve primeiro ligar o streaming.'),
(44, 0, '2018-10-05 17:22:12', 'http://cdrpainel.ml', '138.255.112.42', 'Chrome 69.0.3497.100', ''),
(152, 47, '2018-10-22 22:09:27', 'http://cdrpainel.ml', '138.255.112.42', 'Chrome 69.0.3497.100', 'Streaming desligado com sucesso.'),
(151, 49, '2018-10-22 21:42:08', 'http://cdrpainel.ml', '138.255.112.42', 'Chrome 69.0.3497.100', 'Saiu do painel de controle.'),
(150, 47, '2018-10-22 19:54:11', 'http://cdrpainel.ml', '138.255.112.42', 'Chrome 69.0.3497.100', 'AutoDJ ligado com sucesso.'),
(149, 47, '2018-10-22 19:54:00', 'http://cdrpainel.ml', '138.255.112.42', 'Chrome 69.0.3497.100', 'Streaming ligado com sucesso.'),
(148, 47, '2018-10-22 19:53:54', 'http://cdrpainel.ml', '138.255.112.42', 'Chrome 69.0.3497.100', 'Não foi possível ligar o AutoDJ<br />Você deve primeiro ligar o streaming.'),
(147, 47, '2018-10-22 19:53:51', 'http://cdrpainel.ml', '138.255.112.42', 'Chrome 69.0.3497.100', 'Streaming desligado com sucesso.'),
(146, 47, '2018-10-22 19:51:45', 'http://cdrpainel.ml', '138.255.112.42', 'Chrome 69.0.3497.100', 'AutoDJ ligado com sucesso.'),
(145, 47, '2018-10-22 19:51:38', 'http://cdrpainel.ml', '138.255.112.42', 'Chrome 69.0.3497.100', 'Streaming ligado com sucesso.'),
(144, 47, '2018-10-22 19:51:35', 'http://cdrpainel.ml', '138.255.112.42', 'Chrome 69.0.3497.100', 'Streaming desligado com sucesso.'),
(143, 47, '2018-10-22 19:50:00', 'http://cdrpainel.ml', '138.255.112.42', 'Chrome 69.0.3497.100', 'AutoDJ ligado com sucesso.'),
(142, 47, '2018-10-22 19:49:46', 'http://cdrpainel.ml', '138.255.112.42', 'Chrome 69.0.3497.100', 'Streaming ligado com sucesso.'),
(141, 47, '2018-10-22 19:49:45', 'http://cdrpainel.ml', '138.255.112.42', 'Chrome 69.0.3497.100', 'Streaming desligado com sucesso.'),
(140, 47, '2018-10-22 00:54:37', 'http://cdrpainel.ml', '189.124.92.166', 'Chrome 69.0.3497.100', 'AutoDJ ligado com sucesso.'),
(139, 47, '2018-10-22 00:54:28', 'http://cdrpainel.ml', '189.124.92.166', 'Chrome 69.0.3497.100', 'Streaming ligado com sucesso.'),
(138, 47, '2018-10-22 00:54:27', 'http://cdrpainel.ml', '189.124.92.166', 'Chrome 69.0.3497.100', 'Streaming desligado com sucesso.'),
(137, 47, '2018-10-22 00:53:41', 'http://cdrpainel.ml', '189.124.92.166', 'Chrome 69.0.3497.100', 'Playlist do AutoDJ trocada com sucesso.<br>A nova playlist iniciará após a música atual terminar.'),
(136, 47, '2018-10-22 00:52:24', 'http://cdrpainel.ml', '189.124.92.166', 'Chrome 69.0.3497.100', 'Playlist do AutoDJ trocada com sucesso.<br>A nova playlist iniciará após a música atual terminar.'),
(135, 47, '2018-10-22 00:50:39', 'http://cdrpainel.ml', '189.124.92.166', 'Chrome 69.0.3497.100', 'Acessou o painel de controle.'),
(134, 47, '2018-10-21 18:59:57', 'http://cdrpainel.ml', '189.124.92.166', 'Chrome 69.0.3497.100', 'AutoDJ ligado com sucesso.'),
(133, 47, '2018-10-21 18:59:47', 'http://cdrpainel.ml', '189.124.92.166', 'Chrome 69.0.3497.100', 'Streaming ligado com sucesso.'),
(132, 47, '2018-10-21 18:59:46', 'http://cdrpainel.ml', '189.124.92.166', 'Chrome 69.0.3497.100', 'Streaming desligado com sucesso.'),
(131, 47, '2018-10-21 18:38:37', 'http://cdrpainel.ml', '189.124.92.166', 'Chrome 69.0.3497.100', 'AutoDJ ligado com sucesso.'),
(130, 47, '2018-10-21 18:38:27', 'http://cdrpainel.ml', '189.124.92.166', 'Chrome 69.0.3497.100', 'Streaming ligado com sucesso.'),
(129, 47, '2018-10-21 18:38:26', 'http://cdrpainel.ml', '189.124.92.166', 'Chrome 69.0.3497.100', 'Streaming desligado com sucesso.'),
(128, 47, '2018-10-21 18:04:18', 'http://cdrpainel.ml', '189.124.92.166', 'Chrome 69.0.3497.100', 'Acessou o painel de controle.'),
(127, 47, '2018-10-21 00:06:46', 'http://cdrpainel.ml', '189.124.92.166', 'Chrome 69.0.3497.100', 'Acessou o painel de controle.'),
(126, 47, '2018-10-20 18:49:40', 'http://cdrpainel.ml', '189.124.92.167', 'Chrome 69.0.3497.100', 'Saiu do painel de controle.'),
(125, 47, '2018-10-20 18:49:19', 'http://cdrpainel.ml', '189.124.92.167', 'Chrome 69.0.3497.100', 'AutoDJ ligado com sucesso.'),
(124, 47, '2018-10-20 18:49:10', 'http://cdrpainel.ml', '189.124.92.167', 'Chrome 69.0.3497.100', 'Streaming ligado com sucesso.'),
(123, 47, '2018-10-20 18:49:09', 'http://cdrpainel.ml', '189.124.92.167', 'Chrome 69.0.3497.100', 'Streaming desligado com sucesso.'),
(110, 47, '2018-10-20 14:02:37', 'http://5.135.59.70', '179.222.143.234', 'Chrome 69.0.3497.100', 'AutoDJ ligado com sucesso.'),
(111, 47, '2018-10-20 14:13:19', 'http://5.135.59.70', '179.222.143.234', 'Chrome 69.0.3497.100', 'AutoDJ desligado com sucesso.'),
(112, 47, '2018-10-20 14:15:03', 'http://5.135.59.70', '179.222.143.234', 'Chrome 69.0.3497.100', 'Streaming desligado com sucesso.'),
(113, 47, '2018-10-20 14:16:00', 'http://5.135.59.70', '179.222.143.234', 'Chrome 69.0.3497.100', 'Streaming ligado com sucesso.'),
(114, 47, '2018-10-20 14:16:28', 'http://5.135.59.70', '179.222.143.234', 'Chrome 69.0.3497.100', 'AutoDJ ligado com sucesso.'),
(115, 47, '2018-10-20 14:24:47', 'http://5.135.59.70', '179.222.143.234', 'Chrome 69.0.3497.100', 'Streaming desligado com sucesso.'),
(116, 47, '2018-10-20 14:24:48', 'http://5.135.59.70', '179.222.143.234', 'Chrome 69.0.3497.100', 'Streaming ligado com sucesso.'),
(117, 47, '2018-10-20 14:25:46', 'http://5.135.59.70', '179.222.143.234', 'Chrome 69.0.3497.100', 'AutoDJ ligado com sucesso.'),
(118, 47, '2018-10-20 18:15:06', 'http://cdrpainel.ml', '189.124.92.167', 'Chrome 69.0.3497.100', 'Playlist do AutoDJ trocada com sucesso.<br>A nova playlist iniciará após a música atual terminar.'),
(119, 47, '2018-10-20 18:15:28', 'http://cdrpainel.ml', '189.124.92.167', 'Chrome 69.0.3497.100', 'Streaming desligado com sucesso.'),
(120, 47, '2018-10-20 18:15:29', 'http://cdrpainel.ml', '189.124.92.167', 'Chrome 69.0.3497.100', 'Streaming ligado com sucesso.'),
(121, 47, '2018-10-20 18:15:44', 'http://cdrpainel.ml', '189.124.92.167', 'Chrome 69.0.3497.100', 'AutoDJ ligado com sucesso.'),
(122, 47, '2018-10-20 18:26:06', 'http://5.135.59.70', '131.72.127.50', 'Chrome 69.0.3497.100', 'Acessou o painel de controle.');

-- --------------------------------------------------------

--
-- Estrutura da tabela `multipoint`
--

CREATE TABLE IF NOT EXISTS `multipoint` (
  `codigo` int(10) NOT NULL AUTO_INCREMENT,
  `codigo_stm` int(10) NOT NULL,
  `id` int(10) NOT NULL,
  `ponto` varchar(255) COLLATE latin1_general_ci NOT NULL,
  `ouvintes` int(10) NOT NULL,
  `bitrate` int(10) NOT NULL,
  `encoder` char(5) COLLATE latin1_general_ci NOT NULL,
  PRIMARY KEY (`codigo`)
) ENGINE=MyISAM DEFAULT CHARSET=latin1 COLLATE=latin1_general_ci AUTO_INCREMENT=1 ;

-- --------------------------------------------------------

--
-- Estrutura da tabela `pedidos_musicais`
--

CREATE TABLE IF NOT EXISTS `pedidos_musicais` (
  `codigo` int(10) NOT NULL AUTO_INCREMENT,
  `codigo_stm` int(10) NOT NULL,
  `nome` varchar(255) COLLATE latin1_general_ci NOT NULL,
  `email` varchar(255) COLLATE latin1_general_ci NOT NULL,
  `data` datetime NOT NULL,
  `musica` varchar(255) COLLATE latin1_general_ci NOT NULL,
  PRIMARY KEY (`codigo`)
) ENGINE=MyISAM  DEFAULT CHARSET=latin1 COLLATE=latin1_general_ci AUTO_INCREMENT=2 ;

-- --------------------------------------------------------

--
-- Estrutura da tabela `playlists`
--

CREATE TABLE IF NOT EXISTS `playlists` (
  `codigo` int(10) NOT NULL AUTO_INCREMENT,
  `codigo_stm` int(10) NOT NULL,
  `nome` varchar(255) COLLATE latin1_general_ci NOT NULL,
  `arquivo` varchar(255) COLLATE latin1_general_ci NOT NULL,
  `data` datetime NOT NULL,
  `hora_certa` char(3) COLLATE latin1_general_ci DEFAULT 'nao',
  `vinhetas_comerciais` char(3) COLLATE latin1_general_ci DEFAULT 'nao',
  PRIMARY KEY (`codigo`)
) ENGINE=MyISAM  DEFAULT CHARSET=latin1 COLLATE=latin1_general_ci AUTO_INCREMENT=7 ;

--
-- Extraindo dados da tabela `playlists`
--

INSERT INTO `playlists` (`codigo`, `codigo_stm`, `nome`, `arquivo`, `data`, `hora_certa`, `vinhetas_comerciais`) VALUES
(5, 47, 'minhalist', '7000-minhalist.pls', '2018-10-20 18:09:55', 'sim', 'nao'),
(6, 47, 'so_som_bom', '7000-so-som-bom.pls', '2018-10-21 18:35:44', 'sim', 'nao'),
(4, 47, 'testList', '7000-testlist.pls', '2018-10-20 14:01:59', 'nao', 'nao');

-- --------------------------------------------------------

--
-- Estrutura da tabela `playlists_agendamentos`
--

CREATE TABLE IF NOT EXISTS `playlists_agendamentos` (
  `codigo` int(10) NOT NULL AUTO_INCREMENT,
  `codigo_stm` int(10) NOT NULL,
  `codigo_playlist` int(10) NOT NULL,
  `frequencia` int(1) NOT NULL,
  `data` date NOT NULL,
  `hora` char(2) COLLATE latin1_general_ci NOT NULL,
  `minuto` char(2) COLLATE latin1_general_ci NOT NULL,
  `dias` varchar(50) COLLATE latin1_general_ci NOT NULL,
  `ultima_execussao` datetime NOT NULL,
  PRIMARY KEY (`codigo`),
  KEY `indice_data` (`data`)
) ENGINE=MyISAM  DEFAULT CHARSET=latin1 COLLATE=latin1_general_ci AUTO_INCREMENT=8 ;

-- --------------------------------------------------------

--
-- Estrutura da tabela `playlists_agendamentos_logs`
--

CREATE TABLE IF NOT EXISTS `playlists_agendamentos_logs` (
  `codigo` int(10) NOT NULL AUTO_INCREMENT,
  `codigo_agendamento` int(10) NOT NULL,
  `codigo_stm` int(10) NOT NULL,
  `data` datetime NOT NULL,
  `playlist` varchar(255) COLLATE latin1_general_ci NOT NULL,
  PRIMARY KEY (`codigo`)
) ENGINE=MyISAM  DEFAULT CHARSET=latin1 COLLATE=latin1_general_ci AUTO_INCREMENT=13 ;

-- --------------------------------------------------------

--
-- Estrutura da tabela `playlists_musicas`
--

CREATE TABLE IF NOT EXISTS `playlists_musicas` (
  `codigo` int(10) NOT NULL AUTO_INCREMENT,
  `codigo_playlist` int(10) NOT NULL,
  `path_musica` varchar(255) COLLATE latin1_general_ci NOT NULL,
  `musica` varchar(255) COLLATE latin1_general_ci NOT NULL,
  `duracao` varchar(10) COLLATE latin1_general_ci NOT NULL DEFAULT '00:00:00',
  `duracao_segundos` int(10) NOT NULL DEFAULT '0',
  `tipo` varchar(255) COLLATE latin1_general_ci NOT NULL DEFAULT 'musica',
  `ordem` char(10) COLLATE latin1_general_ci NOT NULL DEFAULT '0',
  PRIMARY KEY (`codigo`),
  KEY `indice_playlist` (`codigo_playlist`)
) ENGINE=MyISAM  DEFAULT CHARSET=latin1 COLLATE=latin1_general_ci AUTO_INCREMENT=192 ;

--
-- Extraindo dados da tabela `playlists_musicas`
--

INSERT INTO `playlists_musicas` (`codigo`, `codigo_playlist`, `path_musica`, `musica`, `duracao`, `duracao_segundos`, `tipo`, `ordem`) VALUES
(32, 5, 'dan/1 lugar absoluta.mp3', '1 lugar absoluta.mp3', '00:00:04', 4, 'musica', '7'),
(31, 5, 'dan/harmonicoefeitoalto.mp3', 'harmonicoefeitoalto.mp3', '00:01:20', 80, 'musica', '6'),
(30, 5, '#!/home/streaming/hora-certa masculino America/Sao_Paulo', 'Hora Certa Voz Masculina', '00:00:05', 5, 'hc', '2.1'),
(29, 5, '#!/home/streaming/hora-certa masculino America/Sao_Paulo', 'Hora Certa Voz Masculina', '00:00:05', 5, 'hc', '1.1'),
(28, 5, '#!/home/streaming/hora-certa masculino America/Sao_Paulo', 'Hora Certa Voz Masculina', '00:00:05', 5, 'hc', '0.1'),
(27, 5, 'dan/03.mp3', '03.mp3', '00:00:46', 46, 'musica', '2'),
(25, 5, 'dan/01.mp3', '01.mp3', '00:00:55', 55, 'musica', '0'),
(26, 5, 'dan/02.mp3', '02.mp3', '00:01:06', 66, 'musica', '1'),
(24, 4, 'dan/1 lugar absoluta.mp3', '1 lugar absoluta.mp3', '00:00:04', 4, 'musica', '0'),
(33, 5, 'dan/02.mp3', '02.mp3', '00:01:06', 66, 'musica', '8'),
(34, 5, 'dan/01.mp3', '01.mp3', '00:00:55', 55, 'musica', '9'),
(35, 5, 'dan/03.mp3', '03.mp3', '00:00:46', 46, 'musica', '10'),
(186, 6, 'dan/uncao.mp3', 'uncao.mp3', '00:03:09', 189, 'musica', '29'),
(187, 6, '#!/home/streaming/hora-certa masculino America/Sao_Paulo', 'Hora Certa Voz Masculina', '00:00:05', 5, 'hc', '30'),
(184, 6, 'dan/tanque_de_siloe.mp3', 'tanque_de_siloe.mp3', '00:04:31', 271, 'musica', '27'),
(185, 6, '#!/home/streaming/hora-certa masculino America/Sao_Paulo', 'Hora Certa Voz Masculina', '00:00:05', 5, 'hc', '28'),
(183, 6, '#!/home/streaming/hora-certa masculino America/Sao_Paulo', 'Hora Certa Voz Masculina', '00:00:05', 5, 'hc', '26'),
(179, 6, '#!/home/streaming/hora-certa masculino America/Sao_Paulo', 'Hora Certa Voz Masculina', '00:00:05', 5, 'hc', '22'),
(182, 6, 'dan/sou_teu_escudo.mp3', 'sou_teu_escudo.mp3', '00:04:06', 246, 'musica', '25'),
(181, 6, '#!/home/streaming/hora-certa masculino America/Sao_Paulo', 'Hora Certa Voz Masculina', '00:00:05', 5, 'hc', '24'),
(180, 6, 'dan/pela_madrugada.mp3', 'pela_madrugada.mp3', '00:04:50', 290, 'musica', '23'),
(177, 6, '#!/home/streaming/hora-certa masculino America/Sao_Paulo', 'Hora Certa Voz Masculina', '00:00:05', 5, 'hc', '20'),
(178, 6, 'dan/nao_ha_ninguem_como_jesus.mp3', 'nao_ha_ninguem_como_jesus.mp3', '00:04:58', 298, 'musica', '21'),
(176, 6, 'dan/lenha_no_fogo.mp3', 'lenha_no_fogo.mp3', '00:03:05', 185, 'musica', '19'),
(175, 6, '#!/home/streaming/hora-certa masculino America/Sao_Paulo', 'Hora Certa Voz Masculina', '00:00:05', 5, 'hc', '18'),
(174, 6, 'dan/fiel_adorador.mp3', 'fiel_adorador.mp3', '00:04:09', 249, 'musica', '17'),
(173, 6, '#!/home/streaming/hora-certa masculino America/Sao_Paulo', 'Hora Certa Voz Masculina', '00:00:05', 5, 'hc', '16'),
(172, 6, 'dan/fe_inabalavel.mp3', 'fe_inabalavel.mp3', '00:04:00', 240, 'musica', '15'),
(171, 6, '#!/home/streaming/hora-certa masculino America/Sao_Paulo', 'Hora Certa Voz Masculina', '00:00:05', 5, 'hc', '14'),
(170, 6, 'dan/estou_contigo.mp3', 'estou_contigo.mp3', '00:04:39', 279, 'musica', '13'),
(166, 6, 'dan/cura_minhas_feridas.mp3', 'cura_minhas_feridas.mp3', '00:04:15', 255, 'musica', '9'),
(167, 6, '#!/home/streaming/hora-certa masculino America/Sao_Paulo', 'Hora Certa Voz Masculina', '00:00:05', 5, 'hc', '10'),
(168, 6, 'dan/eis_me_aqui.mp3', 'eis_me_aqui.mp3', '00:05:01', 301, 'musica', '11'),
(169, 6, '#!/home/streaming/hora-certa masculino America/Sao_Paulo', 'Hora Certa Voz Masculina', '00:00:05', 5, 'hc', '12'),
(165, 6, '#!/home/streaming/hora-certa masculino America/Sao_Paulo', 'Hora Certa Voz Masculina', '00:00:05', 5, 'hc', '8'),
(164, 6, 'dan/J_-_Midian_Lima_-_COM_LETRA_VideoLETRA_oficial_MK_Music.mp3', 'J_-_Midian_Lima_-_COM_LETRA_VideoLETRA_oficial_MK_Music.mp3', '00:05:17', 317, 'musica', '7'),
(163, 6, '#!/home/streaming/hora-certa masculino America/Sao_Paulo', 'Hora Certa Voz Masculina', '00:00:05', 5, 'hc', '6'),
(162, 6, 'dan/J_-_Midian_Lima.mp3', 'J_-_Midian_Lima.mp3', '00:05:17', 317, 'musica', '5'),
(159, 6, '../programentes/Alerta Virtual/01.mp3', '01.mp3', '00:00:40', 40, 'programete', '2'),
(161, 6, '../programentes/Viva melhor/02.mp3', '02.mp3', '00:01:06', 66, 'programete', '4'),
(160, 6, '../programentes/Viva melhor/01.mp3', '01.mp3', '00:00:55', 55, 'programete', '3'),
(158, 6, '../programentes/Alerta Virtual/02.mp3', '02.mp3', '00:00:40', 40, 'programete', '1'),
(157, 6, '../programentes/Hashtag/HASHTAG 1.mp3', 'HASHTAG 1.mp3', '00:00:41', 41, 'programete', '0'),
(188, 6, 'dan/vamos_celebrar.mp3', 'vamos_celebrar.mp3', '00:03:17', 197, 'musica', '31'),
(189, 6, '#!/home/streaming/hora-certa masculino America/Sao_Paulo', 'Hora Certa Voz Masculina', '00:00:05', 5, 'hc', '32'),
(190, 6, 'dan/vo_soprar_seu_nome.mp3', 'vo_soprar_seu_nome.mp3', '00:05:07', 307, 'musica', '33'),
(191, 6, '#!/home/streaming/hora-certa masculino America/Sao_Paulo', 'Hora Certa Voz Masculina', '00:00:05', 5, 'hc', '34');

-- --------------------------------------------------------

--
-- Estrutura da tabela `programetes`
--

CREATE TABLE IF NOT EXISTS `programetes` (
  `id` int(11) NOT NULL AUTO_INCREMENT,
  `ip` varchar(255) DEFAULT NULL,
  `porta` varchar(50) DEFAULT NULL,
  `senha` varchar(200) DEFAULT NULL,
  PRIMARY KEY (`id`)
) ENGINE=MyISAM DEFAULT CHARSET=latin1 AUTO_INCREMENT=1 ;

-- --------------------------------------------------------

--
-- Estrutura da tabela `relay_agendamentos`
--

CREATE TABLE IF NOT EXISTS `relay_agendamentos` (
  `codigo` int(10) NOT NULL AUTO_INCREMENT,
  `codigo_stm` int(10) NOT NULL,
  `servidor` varchar(255) COLLATE latin1_general_ci NOT NULL,
  `frequencia` int(1) NOT NULL,
  `data` date NOT NULL,
  `hora` char(2) COLLATE latin1_general_ci NOT NULL,
  `minuto` char(2) COLLATE latin1_general_ci NOT NULL,
  `duracao_hora` char(2) COLLATE latin1_general_ci NOT NULL DEFAULT '00',
  `duracao_minuto` char(2) COLLATE latin1_general_ci NOT NULL DEFAULT '00',
  `dias` varchar(50) COLLATE latin1_general_ci NOT NULL,
  PRIMARY KEY (`codigo`)
) ENGINE=MyISAM DEFAULT CHARSET=latin1 COLLATE=latin1_general_ci AUTO_INCREMENT=1 ;

-- --------------------------------------------------------

--
-- Estrutura da tabela `revendas`
--

CREATE TABLE IF NOT EXISTS `revendas` (
  `codigo` int(10) NOT NULL AUTO_INCREMENT,
  `codigo_revenda` int(10) NOT NULL DEFAULT '0',
  `id` char(6) COLLATE latin1_general_ci NOT NULL,
  `nome` varchar(255) COLLATE latin1_general_ci NOT NULL,
  `email` varchar(255) COLLATE latin1_general_ci NOT NULL,
  `senha` varchar(255) COLLATE latin1_general_ci NOT NULL,
  `streamings` int(10) NOT NULL,
  `ouvintes` int(10) NOT NULL,
  `bitrate` int(10) NOT NULL,
  `espaco` int(20) NOT NULL,
  `subrevendas` int(10) NOT NULL DEFAULT '0',
  `url_logo` varchar(255) COLLATE latin1_general_ci NOT NULL,
  `chave_api` longtext COLLATE latin1_general_ci NOT NULL,
  `chave_api_google_maps` longtext COLLATE latin1_general_ci NOT NULL,
  `servidor` int(10) NOT NULL DEFAULT '0',
  `status` int(1) NOT NULL DEFAULT '1',
  `avisos` varchar(255) COLLATE latin1_general_ci NOT NULL,
  `aacplus` char(3) COLLATE latin1_general_ci NOT NULL DEFAULT 'nao',
  `url_suporte` text COLLATE latin1_general_ci,
  `data_cadastro` datetime NOT NULL,
  `alterar_senha` int(1) NOT NULL DEFAULT '1',
  `dominio_padrao` varchar(255) COLLATE latin1_general_ci NOT NULL,
  `smtp_servidor` varchar(255) COLLATE latin1_general_ci NOT NULL,
  `smtp_porta` int(10) NOT NULL,
  `smtp_email` varchar(255) COLLATE latin1_general_ci NOT NULL,
  `smtp_senha` varchar(255) COLLATE latin1_general_ci NOT NULL,
  `stm_exibir_tutoriais` char(3) COLLATE latin1_general_ci NOT NULL DEFAULT 'sim',
  `url_tutoriais` varchar(255) COLLATE latin1_general_ci NOT NULL DEFAULT 'http://',
  `url_downloads` varchar(255) COLLATE latin1_general_ci NOT NULL,
  `stm_exibir_app_android` char(3) COLLATE latin1_general_ci NOT NULL DEFAULT 'nao',
  `stm_exibir_downloads` char(3) COLLATE latin1_general_ci NOT NULL DEFAULT 'sim',
  `stm_exibir_mini_site` char(3) COLLATE latin1_general_ci NOT NULL DEFAULT 'nao',
  `stm_exibir_app_android_painel` char(3) COLLATE latin1_general_ci NOT NULL DEFAULT 'sim',
  `idioma_painel` char(10) COLLATE latin1_general_ci NOT NULL DEFAULT 'pt-br',
  `tipo` int(1) NOT NULL DEFAULT '1',
  `ultimo_acesso_data` datetime NOT NULL,
  `ultimo_acesso_ip` varchar(255) COLLATE latin1_general_ci NOT NULL DEFAULT '000.000.000.000',
  PRIMARY KEY (`codigo`)
) ENGINE=MyISAM DEFAULT CHARSET=latin1 COLLATE=latin1_general_ci AUTO_INCREMENT=1 ;

-- --------------------------------------------------------

--
-- Estrutura da tabela `screen_size`
--

CREATE TABLE IF NOT EXISTS `screen_size` (
  `codigo` int(11) NOT NULL AUTO_INCREMENT,
  `width` int(10) NOT NULL,
  `height` int(10) NOT NULL,
  `data` datetime NOT NULL,
  PRIMARY KEY (`codigo`)
) ENGINE=MyISAM  DEFAULT CHARSET=latin1 COLLATE=latin1_general_ci AUTO_INCREMENT=940 ;

--
-- Extraindo dados da tabela `screen_size`
--

INSERT INTO `screen_size` (`codigo`, `width`, `height`, `data`) VALUES
(46, 1170, 961, '2018-06-24 23:28:12'),
(47, 1170, 961, '2018-06-24 23:32:58'),
(48, 1170, 961, '2018-06-24 23:38:47'),
(49, 1170, 961, '2018-06-25 00:07:02'),
(50, 1170, 961, '2018-06-25 00:12:46'),
(51, 1170, 961, '2018-06-25 00:14:56'),
(52, 1170, 961, '2018-06-25 00:35:52'),
(53, 1170, 961, '2018-06-25 01:47:22'),
(54, 1170, 961, '2018-06-25 02:44:09'),
(55, 1170, 961, '2018-06-25 04:11:43'),
(56, 1170, 961, '2018-06-25 06:06:48'),
(57, 1170, 961, '2018-06-25 06:34:43'),
(58, 1170, 961, '2018-06-25 07:01:31'),
(59, 1170, 961, '2018-06-25 07:02:50'),
(60, 1843, 961, '2018-06-25 07:11:15'),
(61, 1110, 961, '2018-06-25 07:48:54'),
(62, 1322, 961, '2018-06-25 08:15:52'),
(63, 1322, 961, '2018-06-25 08:18:31'),
(64, 1322, 961, '2018-06-25 08:36:59'),
(65, 1322, 916, '2018-06-25 08:47:56'),
(66, 1322, 916, '2018-06-25 09:10:04'),
(67, 1366, 635, '2018-06-25 14:07:49'),
(68, 980, 1556, '2018-06-25 17:00:16'),
(69, 1366, 662, '2018-06-25 17:03:43'),
(70, 1400, 773, '2018-06-25 17:05:18'),
(71, 1920, 915, '2018-06-25 17:16:31'),
(72, 1920, 915, '2018-06-25 17:27:30'),
(73, 1280, 931, '2018-06-25 17:33:50'),
(74, 1366, 662, '2018-06-25 18:26:56'),
(75, 360, 512, '2018-06-25 18:27:02'),
(76, 1322, 961, '2018-06-25 19:04:03'),
(77, 1322, 916, '2018-06-25 19:31:44'),
(78, 1322, 916, '2018-06-25 19:34:47'),
(79, 1322, 916, '2018-06-25 19:52:04'),
(80, 608, 916, '2018-06-25 19:53:43'),
(81, 1920, 915, '2018-06-25 19:54:28'),
(82, 608, 916, '2018-06-25 19:56:00'),
(83, 1322, 916, '2018-06-25 19:57:55'),
(84, 1322, 916, '2018-06-25 20:03:28'),
(85, 1322, 916, '2018-06-25 20:07:24'),
(86, 1322, 916, '2018-06-25 20:07:31'),
(87, 1049, 916, '2018-06-25 20:11:33'),
(88, 1104, 916, '2018-06-25 20:17:18'),
(89, 1763, 916, '2018-06-25 20:18:38'),
(90, 1763, 916, '2018-06-25 20:18:44'),
(91, 1104, 916, '2018-06-25 20:25:08'),
(92, 1104, 916, '2018-06-25 20:26:21'),
(93, 1104, 916, '2018-06-25 20:26:29'),
(94, 1104, 916, '2018-06-25 20:30:40'),
(95, 1104, 916, '2018-06-25 20:31:42'),
(96, 1104, 916, '2018-06-25 20:33:22'),
(97, 1104, 916, '2018-06-25 20:34:58'),
(98, 1104, 916, '2018-06-25 20:37:20'),
(99, 1104, 916, '2018-06-25 20:38:30'),
(100, 1763, 916, '2018-06-25 20:39:30'),
(101, 1104, 916, '2018-06-25 20:47:07'),
(102, 1763, 916, '2018-06-25 20:47:40'),
(103, 1104, 916, '2018-06-25 20:51:00'),
(104, 821, 987, '2018-06-25 20:55:36'),
(105, 1084, 878, '2018-06-25 20:56:29'),
(106, 1763, 916, '2018-06-25 21:03:35'),
(107, 1763, 916, '2018-06-25 21:03:50'),
(108, 1763, 916, '2018-06-25 21:06:20'),
(109, 1763, 916, '2018-06-25 21:06:32'),
(110, 1084, 878, '2018-06-25 21:08:44'),
(111, 1493, 878, '2018-06-25 21:11:29'),
(112, 1493, 878, '2018-06-25 21:12:15'),
(113, 1493, 878, '2018-06-25 21:38:18'),
(114, 1763, 916, '2018-06-26 00:26:49'),
(115, 1763, 916, '2018-06-26 00:26:56'),
(116, 1763, 916, '2018-06-26 00:26:59'),
(117, 1763, 916, '2018-06-26 00:29:15'),
(118, 1763, 916, '2018-06-26 00:29:40'),
(119, 1763, 916, '2018-06-26 00:34:52'),
(120, 1268, 838, '2018-06-26 01:13:34'),
(121, 998, 838, '2018-06-26 20:17:24'),
(122, 1280, 894, '2018-06-27 23:40:24'),
(123, 998, 838, '2018-07-01 11:20:29'),
(124, 1308, 838, '2018-07-01 13:42:13'),
(125, 1308, 838, '2018-07-01 18:29:32'),
(126, 1308, 838, '2018-07-02 03:42:51'),
(127, 1308, 838, '2018-07-02 03:44:15'),
(128, 1308, 838, '2018-07-02 04:05:22'),
(129, 1308, 838, '2018-07-02 15:22:08'),
(130, 1308, 838, '2018-07-02 15:58:03'),
(131, 1308, 838, '2018-07-02 16:21:06'),
(132, 1308, 838, '2018-07-02 16:24:37'),
(133, 1076, 838, '2018-07-03 01:29:23'),
(134, 1076, 838, '2018-07-03 01:32:08'),
(135, 2560, 974, '2018-07-03 18:43:22'),
(136, 1323, 838, '2018-07-03 18:44:26'),
(137, 1323, 838, '2018-07-03 18:46:29'),
(138, 1323, 838, '2018-07-03 18:50:49'),
(139, 2560, 974, '2018-07-03 18:50:52'),
(140, 2560, 974, '2018-07-03 18:55:39'),
(141, 1323, 838, '2018-07-03 19:31:10'),
(142, 2560, 974, '2018-07-03 19:34:45'),
(143, 2560, 974, '2018-07-03 19:34:51'),
(144, 2560, 974, '2018-07-03 19:42:07'),
(145, 2560, 974, '2018-07-03 19:42:25'),
(146, 1323, 838, '2018-07-03 19:44:23'),
(147, 2560, 974, '2018-07-03 19:46:34'),
(148, 1024, 463, '2018-07-03 20:38:28'),
(149, 2560, 974, '2018-07-03 21:01:24'),
(150, 1323, 883, '2018-07-03 21:44:34'),
(151, 1366, 662, '2018-07-03 22:35:27'),
(152, 1366, 662, '2018-07-03 22:40:13'),
(153, 1366, 662, '2018-07-03 22:40:19'),
(154, 1366, 613, '2018-07-03 22:46:31'),
(155, 1366, 662, '2018-07-04 00:33:49'),
(156, 1366, 662, '2018-07-04 00:34:44'),
(157, 1131, 883, '2018-07-04 00:35:06'),
(158, 1366, 662, '2018-07-04 00:36:50'),
(159, 1366, 662, '2018-07-04 01:09:44'),
(160, 1131, 883, '2018-07-04 04:36:02'),
(161, 1920, 915, '2018-07-04 11:30:53'),
(162, 2560, 974, '2018-07-04 12:39:27'),
(163, 980, 1525, '2018-07-04 13:00:03'),
(164, 2560, 974, '2018-07-04 13:34:31'),
(165, 1491, 883, '2018-07-04 14:06:30'),
(166, 1491, 883, '2018-07-04 14:21:54'),
(167, 1491, 883, '2018-07-04 14:22:27'),
(168, 1920, 915, '2018-07-04 14:23:57'),
(169, 1491, 883, '2018-07-04 14:30:16'),
(170, 1491, 883, '2018-07-04 14:43:34'),
(171, 1491, 883, '2018-07-04 14:44:26'),
(172, 2560, 974, '2018-07-04 14:47:20'),
(173, 1491, 883, '2018-07-04 14:53:27'),
(174, 1369, 883, '2018-07-04 18:17:19'),
(175, 1369, 883, '2018-07-04 18:43:27'),
(176, 1369, 883, '2018-07-04 18:51:10'),
(177, 1369, 883, '2018-07-04 18:51:16'),
(178, 1369, 883, '2018-07-04 18:51:31'),
(179, 1369, 883, '2018-07-04 18:51:33'),
(180, 1369, 883, '2018-07-04 18:52:30'),
(181, 1369, 883, '2018-07-04 18:52:36'),
(182, 1369, 883, '2018-07-04 18:54:48'),
(183, 1369, 883, '2018-07-04 18:55:48'),
(184, 1369, 883, '2018-07-04 19:03:12'),
(185, 1369, 883, '2018-07-04 19:05:27'),
(186, 1369, 883, '2018-07-04 19:07:49'),
(187, 1369, 883, '2018-07-04 19:28:06'),
(188, 1369, 883, '2018-07-04 19:28:16'),
(189, 1369, 883, '2018-07-04 19:35:57'),
(190, 1007, 883, '2018-07-05 02:20:34'),
(191, 1120, 883, '2018-07-05 20:18:46'),
(192, 1366, 662, '2018-07-05 22:40:48'),
(193, 1259, 883, '2018-07-06 01:10:20'),
(194, 1366, 635, '2018-07-06 01:14:02'),
(195, 1259, 883, '2018-07-06 01:39:41'),
(196, 720, 500, '2018-07-06 01:39:53'),
(197, 1259, 883, '2018-07-06 01:44:26'),
(198, 1120, 883, '2018-07-06 01:50:47'),
(199, 1120, 883, '2018-07-06 01:51:32'),
(200, 1124, 883, '2018-07-06 01:52:14'),
(201, 1124, 883, '2018-07-06 01:53:28'),
(202, 1124, 883, '2018-07-06 01:54:25'),
(203, 1124, 883, '2018-07-06 01:55:56'),
(204, 1124, 883, '2018-07-06 01:56:06'),
(205, 1124, 883, '2018-07-06 01:58:49'),
(206, 1124, 883, '2018-07-06 01:58:55'),
(207, 1124, 883, '2018-07-06 02:00:03'),
(208, 1124, 883, '2018-07-06 02:03:45'),
(209, 1124, 883, '2018-07-06 02:05:28'),
(210, 1124, 883, '2018-07-06 02:09:57'),
(211, 1124, 883, '2018-07-06 02:21:35'),
(212, 1124, 883, '2018-07-06 02:26:34'),
(213, 1124, 838, '2018-07-06 03:06:46'),
(214, 1094, 883, '2018-07-06 05:39:26'),
(215, 1094, 883, '2018-07-06 05:40:08'),
(216, 1094, 883, '2018-07-06 05:40:40'),
(217, 1094, 883, '2018-07-06 13:38:56'),
(218, 2560, 974, '2018-07-06 15:05:42'),
(219, 1094, 883, '2018-07-06 18:58:20'),
(220, 1094, 883, '2018-07-07 01:13:14'),
(221, 1094, 883, '2018-07-07 03:08:01'),
(222, 1094, 883, '2018-07-07 03:10:33'),
(223, 1094, 883, '2018-07-07 03:14:24'),
(224, 1094, 883, '2018-07-07 03:19:03'),
(225, 1094, 883, '2018-07-07 03:21:58'),
(226, 1259, 883, '2018-07-07 16:14:43'),
(227, 2560, 925, '2018-07-07 16:20:58'),
(228, 1259, 883, '2018-07-07 16:27:14'),
(229, 1259, 883, '2018-07-07 16:33:50'),
(230, 873, 883, '2018-07-07 18:20:09'),
(231, 873, 883, '2018-07-07 18:25:33'),
(232, 873, 883, '2018-07-07 19:14:35'),
(233, 873, 883, '2018-07-07 19:20:15'),
(234, 1264, 883, '2018-07-07 21:03:22'),
(235, 1009, 883, '2018-07-07 23:22:35'),
(236, 1161, 883, '2018-07-07 23:26:12'),
(237, 1161, 883, '2018-07-07 23:28:47'),
(238, 1161, 883, '2018-07-07 23:30:26'),
(239, 1161, 883, '2018-07-08 00:30:10'),
(240, 875, 883, '2018-07-08 00:34:00'),
(241, 1086, 900, '2018-07-08 01:03:10'),
(242, 1086, 900, '2018-07-08 01:33:47'),
(243, 980, 1394, '2018-07-08 11:31:17'),
(244, 1428, 883, '2018-07-08 20:03:01'),
(245, 1428, 883, '2018-07-08 20:10:02'),
(246, 1428, 883, '2018-07-08 20:16:08'),
(247, 1428, 883, '2018-07-08 20:16:15'),
(248, 1428, 883, '2018-07-08 20:33:32'),
(249, 1428, 883, '2018-07-08 20:33:45'),
(250, 1428, 883, '2018-07-08 20:39:00'),
(251, 1428, 883, '2018-07-08 21:01:02'),
(252, 992, 883, '2018-07-09 02:16:50'),
(253, 992, 883, '2018-07-09 03:02:06'),
(254, 992, 883, '2018-07-09 03:20:01'),
(255, 992, 883, '2018-07-09 03:43:27'),
(256, 1345, 883, '2018-07-09 03:55:27'),
(257, 973, 883, '2018-07-11 03:29:23'),
(258, 1433, 883, '2018-07-11 03:33:58'),
(259, 1164, 944, '2018-07-11 04:39:09'),
(260, 752, 944, '2018-07-11 14:51:02'),
(261, 744, 958, '2018-07-11 14:53:44'),
(262, 1459, 958, '2018-07-11 16:17:52'),
(263, 1492, 961, '2018-07-11 21:10:24'),
(264, 1492, 961, '2018-07-11 21:14:47'),
(265, 997, 961, '2018-07-12 23:31:35'),
(266, 1381, 961, '2018-07-13 06:34:58'),
(267, 1381, 961, '2018-07-13 17:43:51'),
(268, 939, 961, '2018-07-13 21:41:06'),
(269, 939, 961, '2018-07-13 23:24:10'),
(270, 939, 910, '2018-07-13 23:50:36'),
(271, 939, 910, '2018-07-14 00:07:22'),
(272, 1387, 961, '2018-07-14 02:34:38'),
(273, 1387, 961, '2018-07-14 02:35:34'),
(274, 1387, 961, '2018-07-14 02:44:18'),
(275, 1387, 961, '2018-07-14 02:47:43'),
(276, 1387, 961, '2018-07-14 03:01:34'),
(277, 1387, 961, '2018-07-14 03:02:52'),
(278, 1387, 961, '2018-07-14 04:31:21'),
(279, 1387, 961, '2018-07-14 04:34:32'),
(280, 1098, 878, '2018-07-14 05:41:24'),
(281, 980, 1525, '2018-07-14 07:15:53'),
(282, 2560, 974, '2018-07-14 12:45:51'),
(283, 1318, 910, '2018-07-14 16:51:37'),
(284, 1318, 910, '2018-07-14 17:01:12'),
(285, 1318, 910, '2018-07-14 17:02:14'),
(286, 1318, 910, '2018-07-14 17:05:51'),
(287, 1318, 910, '2018-07-14 17:11:18'),
(288, 1318, 910, '2018-07-14 17:22:34'),
(289, 1318, 910, '2018-07-14 17:59:03'),
(290, 1318, 910, '2018-07-14 18:05:34'),
(291, 1318, 910, '2018-07-14 18:14:02'),
(292, 1318, 910, '2018-07-14 19:00:21'),
(293, 1318, 910, '2018-07-15 00:08:21'),
(294, 1318, 910, '2018-07-15 00:15:15'),
(295, 1318, 910, '2018-07-15 01:20:44'),
(296, 1318, 910, '2018-07-16 16:44:11'),
(297, 1318, 910, '2018-07-16 16:48:36'),
(298, 1563, 961, '2018-07-16 19:38:59'),
(299, 1563, 961, '2018-07-16 19:39:09'),
(300, 1563, 917, '2018-07-16 20:06:20'),
(301, 1193, 917, '2018-07-16 20:32:10'),
(302, 1165, 917, '2018-07-16 20:39:06'),
(303, 1165, 917, '2018-07-16 20:42:40'),
(304, 814, 917, '2018-07-17 15:28:48'),
(305, 814, 959, '2018-07-17 15:33:37'),
(306, 2560, 974, '2018-07-17 15:34:31'),
(307, 814, 959, '2018-07-17 15:38:07'),
(308, 771, 853, '2018-07-18 01:20:27'),
(309, 2560, 974, '2018-07-18 11:23:10'),
(310, 1063, 908, '2018-07-19 03:36:33'),
(311, 1063, 908, '2018-07-19 03:38:00'),
(312, 1229, 703, '2018-07-21 04:17:50'),
(313, 1229, 703, '2018-07-21 04:34:45'),
(314, 855, 897, '2018-07-21 13:45:59'),
(315, 855, 897, '2018-07-21 16:25:23'),
(316, 1366, 635, '2018-07-21 23:33:01'),
(317, 1099, 897, '2018-07-22 15:59:01'),
(318, 931, 849, '2018-07-22 23:32:23'),
(319, 931, 849, '2018-07-24 15:53:16'),
(320, 1334, 849, '2018-07-24 23:48:12'),
(321, 1366, 635, '2018-07-25 05:32:55'),
(322, 2560, 974, '2018-07-25 13:09:08'),
(323, 1366, 635, '2018-07-25 20:09:47'),
(324, 1366, 635, '2018-07-25 20:11:47'),
(325, 1525, 862, '2018-07-26 02:33:08'),
(326, 881, 872, '2018-07-26 03:13:42'),
(327, 892, 862, '2018-07-26 13:52:24'),
(328, 1366, 603, '2018-07-26 19:42:41'),
(329, 829, 780, '2018-07-29 16:25:47'),
(330, 866, 780, '2018-07-29 23:27:29'),
(331, 957, 808, '2018-07-30 02:04:49'),
(332, 2560, 974, '2018-08-02 13:53:58'),
(333, 1280, 631, '2018-08-03 17:07:47'),
(334, 980, 1525, '2018-08-03 17:08:09'),
(335, 1280, 631, '2018-08-03 17:08:39'),
(336, 980, 1568, '2018-08-03 21:57:37'),
(337, 980, 1568, '2018-08-03 22:12:01'),
(338, 980, 1568, '2018-08-03 22:35:50'),
(339, 980, 1568, '2018-08-03 23:01:19'),
(340, 980, 1568, '2018-08-03 23:01:42'),
(341, 980, 1568, '2018-08-03 23:01:52'),
(342, 980, 1740, '2018-08-03 23:53:34'),
(343, 980, 1525, '2018-08-04 12:11:36'),
(344, 1920, 947, '2018-08-04 12:16:50'),
(345, 980, 1525, '2018-08-04 12:22:56'),
(346, 1920, 947, '2018-08-04 12:31:22'),
(347, 1149, 961, '2018-08-04 15:43:56'),
(348, 980, 1568, '2018-08-04 23:55:34'),
(349, 980, 1568, '2018-08-05 00:03:37'),
(350, 1579, 961, '2018-08-05 00:08:17'),
(351, 980, 1568, '2018-08-05 00:43:54'),
(352, 1360, 662, '2018-08-05 14:58:06'),
(353, 1579, 961, '2018-08-05 21:33:53'),
(354, 1579, 961, '2018-08-05 21:34:31'),
(355, 1579, 961, '2018-08-05 21:36:53'),
(356, 1579, 961, '2018-08-05 21:38:43'),
(357, 980, 1568, '2018-08-06 01:11:36'),
(358, 980, 1568, '2018-08-06 01:13:14'),
(359, 1579, 961, '2018-08-06 02:56:38'),
(360, 957, 837, '2018-08-06 03:14:25'),
(361, 957, 837, '2018-08-06 03:16:25'),
(362, 1268, 837, '2018-08-06 03:37:47'),
(363, 1268, 837, '2018-08-06 03:51:52'),
(364, 1268, 837, '2018-08-06 03:52:02'),
(365, 1268, 837, '2018-08-06 03:55:38'),
(366, 1268, 837, '2018-08-06 03:56:28'),
(367, 911, 812, '2018-08-06 04:19:38'),
(368, 911, 812, '2018-08-06 04:21:04'),
(369, 923, 837, '2018-08-06 14:39:48'),
(370, 980, 1568, '2018-08-06 15:44:15'),
(371, 918, 850, '2018-08-06 15:46:16'),
(372, 918, 850, '2018-08-06 15:55:50'),
(373, 918, 850, '2018-08-06 15:58:38'),
(374, 980, 1568, '2018-08-06 17:37:20'),
(375, 980, 1568, '2018-08-06 17:39:55'),
(376, 918, 850, '2018-08-06 17:42:19'),
(377, 980, 1740, '2018-08-06 17:45:37'),
(378, 980, 1568, '2018-08-06 17:48:43'),
(379, 980, 1568, '2018-08-06 17:51:35'),
(380, 980, 1568, '2018-08-06 17:51:50'),
(381, 1312, 715, '2018-08-06 19:04:06'),
(382, 967, 821, '2018-08-07 15:25:58'),
(383, 815, 821, '2018-08-07 15:55:08'),
(384, 1091, 821, '2018-08-07 16:02:21'),
(385, 1091, 821, '2018-08-07 16:26:43'),
(386, 843, 901, '2018-08-07 16:38:11'),
(387, 843, 901, '2018-08-07 16:41:01'),
(388, 843, 901, '2018-08-07 16:41:32'),
(389, 843, 901, '2018-08-07 16:47:08'),
(390, 975, 901, '2018-08-07 17:48:09'),
(391, 902, 875, '2018-08-08 00:16:26'),
(392, 915, 922, '2018-08-08 16:36:07'),
(393, 971, 865, '2018-08-09 01:36:42'),
(394, 905, 865, '2018-08-09 14:36:12'),
(395, 1183, 961, '2018-08-10 00:20:10'),
(396, 1879, 961, '2018-08-10 16:44:13'),
(397, 980, 1525, '2018-08-10 17:13:35'),
(398, 1879, 961, '2018-08-10 17:18:54'),
(399, 903, 961, '2018-08-10 22:53:51'),
(400, 1788, 961, '2018-08-11 01:55:03'),
(401, 1129, 916, '2018-08-11 02:40:44'),
(402, 1129, 916, '2018-08-11 02:49:16'),
(403, 1129, 916, '2018-08-11 02:52:11'),
(404, 1129, 916, '2018-08-11 02:54:19'),
(405, 1129, 916, '2018-08-11 02:56:51'),
(406, 1129, 916, '2018-08-11 03:00:23'),
(407, 1129, 916, '2018-08-11 03:01:15'),
(408, 1788, 916, '2018-08-11 03:10:30'),
(409, 1788, 916, '2018-08-11 03:10:40'),
(410, 1788, 916, '2018-08-11 03:11:55'),
(411, 980, 1525, '2018-08-11 05:08:01'),
(412, 1788, 961, '2018-08-11 15:10:55'),
(413, 1788, 961, '2018-08-11 15:12:38'),
(414, 1788, 961, '2018-08-11 15:47:58'),
(415, 1366, 631, '2018-08-11 18:17:10'),
(416, 1440, 790, '2018-08-11 18:49:35'),
(417, 980, 1525, '2018-08-11 18:49:36'),
(418, 1366, 631, '2018-08-11 18:50:38'),
(419, 980, 1525, '2018-08-11 18:51:32'),
(420, 980, 1408, '2018-08-11 18:51:33'),
(421, 1366, 582, '2018-08-11 18:52:23'),
(422, 1280, 618, '2018-08-11 18:53:49'),
(423, 1920, 943, '2018-08-11 18:54:09'),
(424, 980, 738, '2018-08-11 18:56:10'),
(425, 1450, 664, '2018-08-11 18:57:08'),
(426, 980, 855, '2018-08-11 18:59:39'),
(427, 1280, 667, '2018-08-11 19:00:31'),
(428, 1450, 664, '2018-08-11 19:03:03'),
(429, 980, 1568, '2018-08-11 19:03:20'),
(430, 1360, 662, '2018-08-11 19:06:11'),
(431, 1366, 662, '2018-08-11 19:06:40'),
(432, 980, 1498, '2018-08-11 19:12:44'),
(433, 1360, 662, '2018-08-11 19:17:52'),
(434, 980, 1568, '2018-08-11 19:21:02'),
(435, 1360, 654, '2018-08-11 19:55:32'),
(436, 980, 1394, '2018-08-11 20:22:23'),
(437, 1788, 961, '2018-08-11 20:28:36'),
(438, 1366, 631, '2018-08-11 20:32:10'),
(439, 1366, 631, '2018-08-11 20:35:13'),
(440, 1366, 631, '2018-08-11 20:50:45'),
(441, 1366, 631, '2018-08-11 20:53:47'),
(442, 1366, 582, '2018-08-11 20:57:57'),
(443, 980, 1525, '2018-08-11 21:00:55'),
(444, 1366, 582, '2018-08-11 21:03:09'),
(445, 980, 1394, '2018-08-11 22:17:49'),
(446, 980, 1394, '2018-08-11 22:20:42'),
(447, 980, 1394, '2018-08-11 22:23:08'),
(448, 1280, 866, '2018-08-11 22:26:17'),
(449, 980, 1568, '2018-08-11 22:49:36'),
(450, 1366, 582, '2018-08-12 01:02:08'),
(451, 980, 1394, '2018-08-12 01:09:16'),
(452, 980, 1394, '2018-08-12 01:12:10'),
(453, 1366, 582, '2018-08-12 01:25:41'),
(454, 980, 1544, '2018-08-12 15:31:28'),
(455, 1490, 895, '2018-08-12 16:12:50'),
(456, 1490, 895, '2018-08-12 16:16:28'),
(457, 1920, 974, '2018-08-12 17:44:35'),
(458, 1366, 672, '2018-08-12 21:09:06'),
(459, 980, 1568, '2018-08-12 22:14:24'),
(460, 980, 1525, '2018-08-12 23:14:44'),
(461, 1490, 895, '2018-08-13 00:54:45'),
(462, 1490, 895, '2018-08-13 01:19:17'),
(463, 1490, 895, '2018-08-13 01:58:01'),
(464, 1490, 895, '2018-08-13 02:45:26'),
(465, 1490, 895, '2018-08-13 02:48:36'),
(466, 1490, 895, '2018-08-13 02:50:06'),
(467, 1490, 895, '2018-08-13 04:19:22'),
(468, 1490, 895, '2018-08-13 04:24:53'),
(469, 1490, 895, '2018-08-13 04:25:02'),
(470, 981, 1551, '2018-08-13 17:50:31'),
(471, 1681, 895, '2018-08-13 19:06:45'),
(472, 1041, 878, '2018-08-13 20:41:33'),
(473, 980, 1525, '2018-08-13 21:15:42'),
(474, 1041, 878, '2018-08-13 22:19:33'),
(475, 1366, 582, '2018-08-13 22:46:44'),
(476, 1366, 582, '2018-08-13 22:46:57'),
(477, 980, 1501, '2018-08-13 22:56:10'),
(478, 1041, 878, '2018-08-14 00:38:25'),
(479, 1024, 662, '2018-08-14 00:41:10'),
(480, 1681, 895, '2018-08-14 00:44:46'),
(481, 1366, 662, '2018-08-14 00:53:13'),
(482, 980, 1525, '2018-08-14 00:54:34'),
(483, 980, 1568, '2018-08-14 00:55:27'),
(484, 1280, 654, '2018-08-14 00:57:15'),
(485, 1681, 895, '2018-08-14 00:59:44'),
(486, 1681, 895, '2018-08-14 01:06:08'),
(487, 1280, 654, '2018-08-14 01:09:11'),
(488, 1681, 895, '2018-08-14 01:09:37'),
(489, 1366, 662, '2018-08-14 01:13:02'),
(490, 1366, 662, '2018-08-14 01:13:46'),
(491, 1681, 895, '2018-08-14 01:15:53'),
(492, 1280, 654, '2018-08-14 01:17:47'),
(493, 1022, 895, '2018-08-14 01:19:20'),
(494, 980, 1568, '2018-08-14 01:21:33'),
(495, 1681, 895, '2018-08-14 01:24:24'),
(496, 1681, 895, '2018-08-14 01:25:17'),
(497, 1681, 895, '2018-08-14 01:26:08'),
(498, 1681, 895, '2018-08-14 01:28:27'),
(499, 1041, 878, '2018-08-14 01:45:36'),
(500, 980, 1547, '2018-08-14 03:06:13'),
(501, 980, 1525, '2018-08-14 03:10:40'),
(502, 980, 1525, '2018-08-14 03:11:37'),
(503, 980, 1525, '2018-08-14 03:11:40'),
(504, 980, 1525, '2018-08-14 03:12:01'),
(505, 1681, 895, '2018-08-14 03:17:17'),
(506, 1681, 895, '2018-08-14 03:19:45'),
(507, 1600, 743, '2018-08-14 03:22:11'),
(508, 1681, 895, '2018-08-14 03:23:09'),
(509, 980, 1501, '2018-08-14 03:23:53'),
(510, 1681, 895, '2018-08-14 03:38:56'),
(511, 980, 1525, '2018-08-14 10:11:07'),
(512, 980, 1525, '2018-08-14 10:12:22'),
(513, 1681, 895, '2018-08-14 10:15:03'),
(514, 1681, 895, '2018-08-14 10:26:11'),
(515, 1681, 895, '2018-08-14 10:27:03'),
(516, 980, 1525, '2018-08-14 10:59:40'),
(517, 980, 1525, '2018-08-14 11:32:42'),
(518, 1366, 662, '2018-08-14 11:55:14'),
(519, 980, 1385, '2018-08-14 13:43:11'),
(520, 1440, 763, '2018-08-14 15:14:36'),
(521, 980, 1525, '2018-08-14 15:54:11'),
(522, 980, 1525, '2018-08-14 15:54:44'),
(523, 1681, 895, '2018-08-14 19:42:44'),
(524, 1681, 895, '2018-08-14 19:51:47'),
(525, 980, 1677, '2018-08-14 21:04:42'),
(526, 1600, 763, '2018-08-14 22:10:41'),
(527, 1600, 763, '2018-08-15 03:56:15'),
(528, 1600, 763, '2018-08-15 03:56:29'),
(529, 980, 1634, '2018-08-15 12:38:50'),
(530, 280, 404, '2018-08-15 13:05:07'),
(531, 1920, 924, '2018-08-15 20:43:32'),
(532, 1520, 961, '2018-08-15 22:04:35'),
(533, 1366, 641, '2018-08-15 23:13:39'),
(534, 1366, 631, '2018-08-15 23:17:03'),
(535, 1920, 963, '2018-08-16 00:56:37'),
(536, 1920, 963, '2018-08-16 00:56:58'),
(537, 1920, 963, '2018-08-16 00:57:10'),
(538, 1440, 794, '2018-08-16 15:17:53'),
(539, 1024, 662, '2018-08-16 17:59:10'),
(540, 1024, 662, '2018-08-16 18:00:09'),
(541, 980, 1394, '2018-08-16 18:03:48'),
(542, 1024, 662, '2018-08-16 18:05:08'),
(543, 1024, 662, '2018-08-16 18:10:31'),
(544, 1520, 961, '2018-08-16 21:41:55'),
(545, 1520, 961, '2018-08-16 21:43:18'),
(546, 1520, 961, '2018-08-16 21:55:55'),
(547, 1520, 961, '2018-08-16 21:56:57'),
(548, 1520, 961, '2018-08-16 21:57:51'),
(549, 1024, 662, '2018-08-16 22:01:48'),
(550, 1024, 662, '2018-08-16 23:44:45'),
(551, 1024, 662, '2018-08-16 23:58:20'),
(552, 1920, 974, '2018-08-17 01:23:24'),
(553, 980, 1525, '2018-08-17 01:24:23'),
(554, 1920, 974, '2018-08-17 01:34:35'),
(555, 1231, 938, '2018-08-17 02:08:58'),
(556, 1231, 938, '2018-08-17 02:09:28'),
(557, 1231, 938, '2018-08-17 02:11:38'),
(558, 1231, 938, '2018-08-17 02:13:23'),
(559, 1231, 938, '2018-08-17 02:50:49'),
(560, 1231, 938, '2018-08-17 02:51:05'),
(561, 1231, 938, '2018-08-17 03:21:12'),
(562, 1231, 938, '2018-08-17 03:24:40'),
(563, 1573, 961, '2018-08-17 03:32:53'),
(564, 1573, 961, '2018-08-17 03:44:33'),
(565, 1573, 961, '2018-08-17 03:49:58'),
(566, 1573, 961, '2018-08-17 04:07:45'),
(567, 1573, 895, '2018-08-17 04:28:42'),
(568, 1573, 895, '2018-08-17 04:52:01'),
(569, 1573, 895, '2018-08-17 06:18:11'),
(570, 1573, 895, '2018-08-17 06:42:06'),
(571, 980, 1568, '2018-08-17 15:08:40'),
(572, 1788, 961, '2018-08-17 17:55:26'),
(573, 1788, 961, '2018-08-17 17:58:52'),
(574, 980, 1525, '2018-08-17 18:47:47'),
(575, 1788, 961, '2018-08-17 19:28:48'),
(576, 1788, 961, '2018-08-17 19:29:49'),
(577, 980, 1525, '2018-08-17 21:22:34'),
(578, 980, 1525, '2018-08-17 21:24:48'),
(579, 976, 632, '2018-08-19 16:10:29'),
(580, 1428, 961, '2018-08-19 20:07:01'),
(581, 1428, 961, '2018-08-19 20:17:46'),
(582, 1428, 961, '2018-08-19 20:19:48'),
(583, 1428, 961, '2018-08-19 20:25:19'),
(584, 1428, 961, '2018-08-19 20:49:52'),
(585, 1428, 961, '2018-08-19 20:51:06'),
(586, 1428, 961, '2018-08-19 21:04:38'),
(587, 1428, 961, '2018-08-19 21:52:36'),
(588, 980, 1525, '2018-08-19 23:00:36'),
(589, 980, 1525, '2018-08-20 00:14:58'),
(590, 1645, 891, '2018-08-20 00:48:06'),
(591, 1645, 891, '2018-08-20 00:56:56'),
(592, 1645, 891, '2018-08-20 00:58:52'),
(593, 1366, 631, '2018-08-20 01:12:07'),
(594, 980, 1525, '2018-08-20 05:33:38'),
(595, 1528, 961, '2018-08-20 15:05:56'),
(596, 1528, 961, '2018-08-20 15:43:27'),
(597, 1528, 961, '2018-08-20 15:54:47'),
(598, 980, 1525, '2018-08-21 16:04:12'),
(599, 980, 1525, '2018-08-21 16:05:07'),
(600, 980, 1525, '2018-08-21 16:05:22'),
(601, 980, 1677, '2018-08-21 16:14:29'),
(602, 1528, 961, '2018-08-21 20:35:13'),
(603, 980, 1525, '2018-08-21 20:35:29'),
(604, 980, 1568, '2018-08-21 22:46:57'),
(605, 980, 1568, '2018-08-21 22:51:31'),
(606, 1333, 877, '2018-08-22 00:33:21'),
(607, 980, 1525, '2018-08-22 04:03:46'),
(608, 1360, 631, '2018-08-23 01:59:55'),
(609, 1360, 631, '2018-08-23 02:04:01'),
(610, 1360, 631, '2018-08-23 02:59:31'),
(611, 1360, 631, '2018-08-23 04:16:28'),
(612, 1333, 877, '2018-08-23 23:15:03'),
(613, 1360, 631, '2018-08-24 02:30:09'),
(614, 1333, 877, '2018-08-24 02:43:09'),
(615, 1360, 631, '2018-08-24 03:07:46'),
(616, 1460, 877, '2018-08-24 17:08:15'),
(617, 1460, 877, '2018-08-24 17:16:59'),
(618, 1460, 877, '2018-08-24 17:24:44'),
(619, 1460, 877, '2018-08-24 19:13:25'),
(620, 1366, 641, '2018-08-25 00:12:29'),
(621, 1407, 832, '2018-08-25 00:22:03'),
(622, 1399, 877, '2018-08-25 20:17:44'),
(623, 1399, 877, '2018-08-25 20:19:11'),
(624, 1280, 866, '2018-08-26 19:02:08'),
(625, 1366, 631, '2018-08-26 19:09:49'),
(626, 1055, 877, '2018-08-27 14:00:17'),
(627, 1055, 877, '2018-08-27 18:26:57'),
(628, 1374, 877, '2018-08-27 18:27:09'),
(629, 1374, 877, '2018-08-27 18:27:56'),
(630, 1374, 877, '2018-08-27 18:33:29'),
(631, 1374, 877, '2018-08-27 18:34:34'),
(632, 1374, 877, '2018-08-27 18:47:25'),
(633, 1374, 877, '2018-08-27 20:07:12'),
(634, 1280, 866, '2018-08-27 20:16:01'),
(635, 360, 508, '2018-08-27 20:20:13'),
(636, 1920, 943, '2018-08-28 00:45:11'),
(637, 1588, 877, '2018-08-28 02:08:42'),
(638, 1366, 631, '2018-08-28 19:35:38'),
(639, 1502, 877, '2018-08-28 21:36:37'),
(640, 1502, 961, '2018-08-30 00:55:15'),
(641, 1280, 866, '2018-08-30 18:46:39'),
(642, 1366, 631, '2018-08-30 18:54:01'),
(643, 1280, 866, '2018-08-30 18:58:03'),
(644, 1280, 866, '2018-08-31 23:50:34'),
(645, 1584, 961, '2018-09-01 00:47:44'),
(646, 1584, 916, '2018-09-01 23:26:15'),
(647, 1280, 866, '2018-09-01 23:40:06'),
(648, 1280, 866, '2018-09-02 22:10:32'),
(649, 1280, 866, '2018-09-02 22:59:31'),
(650, 1366, 631, '2018-09-02 23:10:18'),
(651, 1584, 961, '2018-09-03 13:55:06'),
(652, 1584, 961, '2018-09-03 14:50:27'),
(653, 1584, 961, '2018-09-03 14:52:34'),
(654, 1584, 961, '2018-09-03 14:58:19'),
(655, 1584, 961, '2018-09-03 17:45:37'),
(656, 1600, 763, '2018-09-03 19:14:37'),
(657, 1600, 763, '2018-09-03 19:15:54'),
(658, 1600, 763, '2018-09-03 19:17:10'),
(659, 1485, 961, '2018-09-03 20:32:49'),
(660, 1600, 763, '2018-09-03 23:38:23'),
(661, 1600, 763, '2018-09-03 23:40:13'),
(662, 1600, 763, '2018-09-03 23:44:47'),
(663, 1600, 763, '2018-09-04 02:07:13'),
(664, 1757, 961, '2018-09-04 11:01:14'),
(665, 1757, 961, '2018-09-04 11:13:09'),
(666, 1757, 961, '2018-09-04 11:20:40'),
(667, 1280, 866, '2018-09-04 11:48:41'),
(668, 1553, 961, '2018-09-04 22:43:08'),
(669, 1553, 961, '2018-09-04 23:03:07'),
(670, 1553, 961, '2018-09-04 23:12:07'),
(671, 1366, 631, '2018-09-05 14:18:02'),
(672, 1366, 582, '2018-09-05 23:00:34'),
(673, 1366, 631, '2018-09-05 23:02:21'),
(674, 1553, 961, '2018-09-06 21:49:32'),
(675, 1553, 961, '2018-09-06 21:55:34'),
(676, 1366, 631, '2018-09-06 21:59:25'),
(677, 1553, 961, '2018-09-06 22:34:17'),
(678, 1366, 631, '2018-09-06 22:42:04'),
(679, 1553, 961, '2018-09-06 23:14:20'),
(680, 1553, 961, '2018-09-06 23:26:45'),
(681, 1366, 631, '2018-09-06 23:39:25'),
(682, 1360, 631, '2018-09-06 23:46:10'),
(683, 1366, 582, '2018-09-06 23:53:46'),
(684, 1553, 961, '2018-09-06 23:57:47'),
(685, 1360, 631, '2018-09-07 00:50:24'),
(686, 1179, 803, '2018-09-07 00:55:22'),
(687, 980, 1525, '2018-09-07 00:57:15'),
(688, 1366, 631, '2018-09-07 10:20:08'),
(689, 1430, 961, '2018-09-07 11:56:24'),
(690, 1430, 961, '2018-09-07 18:37:36'),
(691, 1430, 961, '2018-09-07 18:42:02'),
(692, 1427, 901, '2018-09-07 19:23:33'),
(693, 1283, 901, '2018-09-07 20:00:06'),
(694, 1283, 901, '2018-09-07 20:21:06'),
(695, 624, 901, '2018-09-07 20:22:09'),
(696, 1283, 901, '2018-09-07 20:33:32'),
(697, 1283, 901, '2018-09-07 20:34:44'),
(698, 1179, 803, '2018-09-07 23:05:54'),
(699, 1179, 803, '2018-09-07 23:50:36'),
(700, 1366, 631, '2018-09-08 23:11:59'),
(701, 1366, 631, '2018-09-08 23:13:15'),
(702, 1366, 631, '2018-09-08 23:13:36'),
(703, 1366, 631, '2018-09-08 23:14:00'),
(704, 1366, 582, '2018-09-08 23:15:23'),
(705, 1728, 901, '2018-09-08 23:19:23'),
(706, 1728, 901, '2018-09-08 23:20:45'),
(707, 1728, 901, '2018-09-08 23:45:25'),
(708, 1728, 901, '2018-09-08 23:48:50'),
(709, 1728, 901, '2018-09-08 23:50:33'),
(710, 1728, 901, '2018-09-09 18:38:34'),
(711, 1728, 901, '2018-09-09 21:16:28'),
(712, 1003, 901, '2018-09-10 17:08:24'),
(713, 980, 1525, '2018-09-10 17:08:31'),
(714, 1733, 901, '2018-09-11 17:57:39'),
(715, 1733, 901, '2018-09-11 18:02:20'),
(716, 1179, 743, '2018-09-12 22:29:40'),
(717, 1181, 901, '2018-09-12 22:44:00'),
(718, 1504, 901, '2018-09-12 23:06:31'),
(719, 1504, 901, '2018-09-13 18:16:46'),
(720, 1504, 901, '2018-09-13 18:19:01'),
(721, 1504, 901, '2018-09-14 00:07:32'),
(722, 1504, 901, '2018-09-14 12:31:37'),
(723, 1235, 901, '2018-09-15 17:19:49'),
(724, 1235, 901, '2018-09-15 17:24:43'),
(725, 1235, 901, '2018-09-15 17:30:21'),
(726, 1235, 901, '2018-09-15 17:31:35'),
(727, 1235, 901, '2018-09-15 18:01:39'),
(728, 1235, 901, '2018-09-15 18:38:40'),
(729, 1235, 901, '2018-09-15 18:44:32'),
(730, 1235, 901, '2018-09-15 18:44:51'),
(731, 1512, 733, '2018-09-17 16:52:41'),
(732, 1740, 733, '2018-09-19 16:32:13'),
(733, 1740, 733, '2018-09-19 16:37:58'),
(734, 1592, 733, '2018-09-20 02:01:02'),
(735, 1761, 733, '2018-09-20 12:13:21'),
(736, 1554, 720, '2018-09-20 22:18:35'),
(737, 1554, 590, '2018-09-21 06:44:33'),
(738, 1554, 720, '2018-09-21 06:44:38'),
(739, 1745, 789, '2018-09-21 07:39:06'),
(740, 1745, 789, '2018-09-21 07:39:28'),
(741, 1745, 789, '2018-09-21 07:41:15'),
(742, 1745, 789, '2018-09-21 07:41:33'),
(743, 1554, 720, '2018-09-21 13:46:00'),
(744, 1883, 789, '2018-09-21 14:28:09'),
(745, 1448, 720, '2018-09-23 17:23:08'),
(746, 1448, 720, '2018-09-23 17:23:46'),
(747, 1448, 720, '2018-09-23 17:28:59'),
(748, 1448, 720, '2018-09-23 18:33:28'),
(749, 1448, 720, '2018-09-23 18:34:02'),
(750, 1448, 720, '2018-09-24 14:35:36'),
(751, 1448, 720, '2018-09-24 14:38:16'),
(752, 1735, 789, '2018-09-24 15:44:57'),
(753, 1448, 720, '2018-09-24 16:26:15'),
(754, 1735, 789, '2018-09-24 16:38:39'),
(755, 1448, 720, '2018-09-24 23:05:26'),
(756, 1448, 720, '2018-09-25 08:10:27'),
(757, 1448, 720, '2018-09-25 17:31:02'),
(758, 1448, 720, '2018-09-25 17:35:52'),
(759, 1448, 720, '2018-09-25 17:51:10'),
(760, 1448, 671, '2018-09-25 18:16:28'),
(761, 1448, 671, '2018-09-25 18:19:55'),
(762, 1448, 671, '2018-09-25 18:20:35'),
(763, 1448, 671, '2018-09-25 19:08:46'),
(764, 1448, 671, '2018-09-25 19:53:16'),
(765, 1735, 789, '2018-09-25 19:59:45'),
(766, 1920, 969, '2018-09-25 20:15:00'),
(767, 997, 789, '2018-09-25 20:23:18'),
(768, 1448, 671, '2018-09-25 20:24:05'),
(769, 1600, 758, '2018-09-25 20:54:12'),
(770, 1722, 880, '2018-09-25 23:50:48'),
(771, 1722, 831, '2018-09-26 00:10:27'),
(772, 1722, 880, '2018-09-26 00:25:01'),
(773, 1236, 880, '2018-09-26 01:23:28'),
(774, 1515, 880, '2018-09-26 01:27:42'),
(775, 1515, 880, '2018-09-26 14:24:45'),
(776, 1366, 667, '2018-09-26 14:25:50'),
(777, 1515, 880, '2018-09-26 19:00:49'),
(778, 1515, 831, '2018-09-26 20:31:35'),
(779, 1515, 880, '2018-09-26 20:52:18'),
(780, 1168, 880, '2018-09-26 21:40:19'),
(781, 1366, 626, '2018-09-26 22:56:54'),
(782, 1366, 626, '2018-09-26 23:04:58'),
(783, 1366, 577, '2018-09-26 23:08:45'),
(784, 1366, 577, '2018-09-26 23:20:21'),
(785, 1558, 770, '2018-09-28 20:40:12'),
(786, 1558, 770, '2018-09-28 20:53:04'),
(787, 1558, 770, '2018-09-28 21:46:16'),
(788, 1366, 626, '2018-09-29 00:22:42'),
(789, 1558, 770, '2018-09-29 00:23:26'),
(790, 1366, 626, '2018-09-29 00:47:04'),
(791, 1558, 770, '2018-09-29 19:25:03'),
(792, 1558, 770, '2018-09-29 19:31:36'),
(793, 1366, 626, '2018-10-01 00:48:37'),
(794, 1366, 626, '2018-10-01 01:14:25'),
(795, 1769, 640, '2018-10-01 09:24:17'),
(796, 1769, 884, '2018-10-01 09:28:27'),
(797, 1769, 500, '2018-10-01 09:28:27'),
(798, 1769, 884, '2018-10-01 11:30:46'),
(799, 1769, 884, '2018-10-01 13:36:33'),
(800, 1769, 884, '2018-10-01 14:15:34'),
(801, 1769, 884, '2018-10-01 15:46:15'),
(802, 1769, 884, '2018-10-01 16:55:02'),
(803, 1146, 823, '2018-10-03 00:58:01'),
(804, 1146, 823, '2018-10-03 00:58:43'),
(805, 1146, 823, '2018-10-03 00:59:30'),
(806, 1146, 823, '2018-10-03 00:59:34'),
(807, 1146, 823, '2018-10-03 01:14:08'),
(808, 1366, 626, '2018-10-03 01:21:45'),
(809, 1146, 823, '2018-10-03 01:26:41'),
(810, 1146, 823, '2018-10-03 01:33:41'),
(811, 1366, 626, '2018-10-03 01:34:28'),
(812, 1366, 626, '2018-10-03 01:39:38'),
(813, 1366, 626, '2018-10-03 01:42:37'),
(814, 1146, 872, '2018-10-03 01:47:24'),
(815, 1366, 626, '2018-10-03 01:50:12'),
(816, 1366, 626, '2018-10-03 01:52:56'),
(817, 1146, 872, '2018-10-03 01:57:27'),
(818, 600, 597, '2018-10-03 02:08:37'),
(819, 1146, 872, '2018-10-03 02:11:13'),
(820, 1366, 626, '2018-10-03 02:17:32'),
(821, 1366, 626, '2018-10-03 02:20:18'),
(822, 1146, 872, '2018-10-03 02:23:37'),
(823, 1366, 626, '2018-10-03 02:31:56'),
(824, 1366, 626, '2018-10-03 02:35:43'),
(825, 1366, 577, '2018-10-03 12:25:16'),
(826, 1305, 872, '2018-10-03 15:18:29'),
(827, 1305, 872, '2018-10-03 15:19:39'),
(828, 1305, 872, '2018-10-03 15:20:14'),
(829, 980, 1525, '2018-10-03 23:35:01'),
(830, 980, 1525, '2018-10-03 23:51:54'),
(831, 1476, 823, '2018-10-04 06:43:39'),
(832, 1476, 872, '2018-10-04 06:44:09'),
(833, 1476, 872, '2018-10-04 06:54:14'),
(834, 1476, 872, '2018-10-04 06:57:03'),
(835, 980, 1525, '2018-10-04 11:08:17'),
(836, 980, 1525, '2018-10-04 11:09:18'),
(837, 1366, 626, '2018-10-04 19:08:24'),
(838, 1366, 626, '2018-10-05 13:32:15'),
(839, 1366, 626, '2018-10-05 16:44:34'),
(840, 1631, 912, '2018-10-10 02:04:53'),
(841, 1631, 912, '2018-10-10 02:18:42'),
(842, 1631, 912, '2018-10-10 02:19:05'),
(843, 1631, 912, '2018-10-10 02:19:43'),
(844, 1631, 912, '2018-10-10 02:30:31'),
(845, 1631, 912, '2018-10-10 02:33:03'),
(846, 1631, 912, '2018-10-10 02:34:13'),
(847, 1366, 626, '2018-10-10 17:06:58'),
(848, 1366, 577, '2018-10-11 18:13:37'),
(849, 1366, 577, '2018-10-11 18:19:07'),
(850, 1366, 577, '2018-10-11 18:23:41'),
(851, 1366, 626, '2018-10-11 19:19:06'),
(852, 1366, 626, '2018-10-11 19:19:45'),
(853, 1366, 577, '2018-10-12 19:42:23'),
(854, 1366, 577, '2018-10-12 19:56:51'),
(855, 1366, 577, '2018-10-12 19:57:20'),
(856, 1366, 577, '2018-10-12 21:20:22'),
(857, 1366, 577, '2018-10-12 21:20:47'),
(858, 1366, 577, '2018-10-12 21:22:05'),
(859, 1366, 577, '2018-10-12 21:24:04'),
(860, 1366, 577, '2018-10-12 21:24:31'),
(861, 1366, 577, '2018-10-12 21:25:32'),
(862, 1366, 577, '2018-10-12 21:27:39'),
(863, 1366, 577, '2018-10-12 21:28:24'),
(864, 1366, 577, '2018-10-12 21:31:30'),
(865, 1366, 626, '2018-10-12 21:46:36'),
(866, 1867, 912, '2018-10-12 21:47:27'),
(867, 1366, 626, '2018-10-12 21:50:36'),
(868, 1366, 626, '2018-10-12 22:35:07'),
(869, 1366, 626, '2018-10-12 22:35:19'),
(870, 1366, 577, '2018-10-13 15:07:50'),
(871, 1366, 577, '2018-10-13 15:46:25'),
(872, 1366, 577, '2018-10-13 16:01:36'),
(873, 1366, 626, '2018-10-15 01:55:37'),
(874, 1366, 626, '2018-10-15 01:56:50'),
(875, 1366, 626, '2018-10-15 02:36:38'),
(876, 1366, 626, '2018-10-15 02:39:08'),
(877, 1366, 626, '2018-10-15 02:50:40'),
(878, 1366, 626, '2018-10-15 02:51:38'),
(879, 1366, 626, '2018-10-15 02:58:48'),
(880, 1366, 577, '2018-10-15 18:56:30'),
(881, 1366, 577, '2018-10-15 19:01:33'),
(882, 1366, 577, '2018-10-15 19:05:41'),
(883, 1366, 626, '2018-10-15 19:17:33'),
(884, 1366, 626, '2018-10-15 19:24:14'),
(885, 1366, 626, '2018-10-15 19:25:34'),
(886, 1366, 626, '2018-10-15 19:26:43'),
(887, 1366, 626, '2018-10-15 19:35:16'),
(888, 1366, 626, '2018-10-15 19:40:19'),
(889, 1366, 626, '2018-10-15 19:42:21'),
(890, 1366, 626, '2018-10-15 19:43:43'),
(891, 1366, 626, '2018-10-15 19:49:55'),
(892, 1366, 577, '2018-10-15 20:53:49'),
(893, 1366, 577, '2018-10-15 22:19:10'),
(894, 1366, 577, '2018-10-15 22:20:47'),
(895, 1173, 843, '2018-10-15 22:32:41'),
(896, 1366, 577, '2018-10-15 23:22:59'),
(897, 1366, 577, '2018-10-15 23:24:41'),
(898, 1366, 577, '2018-10-16 00:26:50'),
(899, 1366, 577, '2018-10-16 00:58:11'),
(900, 1366, 626, '2018-10-17 02:02:49'),
(901, 1366, 626, '2018-10-17 02:05:57'),
(902, 1242, 569, '2018-10-17 02:06:22'),
(903, 1242, 569, '2018-10-17 02:06:41'),
(904, 1242, 569, '2018-10-18 12:05:11'),
(905, 1242, 569, '2018-10-19 01:50:03'),
(906, 1457, 873, '2018-10-19 22:48:45'),
(907, 1457, 873, '2018-10-19 22:59:28'),
(908, 1242, 569, '2018-10-19 23:01:04'),
(909, 1242, 569, '2018-10-19 23:05:06'),
(910, 1457, 873, '2018-10-20 13:47:05'),
(911, 1457, 873, '2018-10-20 13:53:26'),
(912, 1457, 873, '2018-10-20 13:59:40'),
(913, 1457, 873, '2018-10-20 14:15:09'),
(914, 1457, 873, '2018-10-20 14:15:24'),
(915, 1457, 873, '2018-10-20 14:22:51'),
(916, 1242, 569, '2018-10-20 18:08:02'),
(917, 1242, 569, '2018-10-21 00:06:47'),
(918, 1242, 569, '2018-10-21 00:22:55'),
(919, 1242, 569, '2018-10-21 01:19:23'),
(920, 1242, 569, '2018-10-21 18:04:19'),
(921, 1242, 569, '2018-10-22 00:50:41'),
(922, 1242, 569, '2018-10-22 18:06:06'),
(923, 1242, 569, '2018-10-22 18:19:21'),
(924, 1242, 569, '2018-10-22 18:35:42'),
(925, 1242, 525, '2018-10-22 20:21:12'),
(926, 1242, 525, '2018-10-22 20:22:43'),
(927, 1641, 798, '2018-10-22 20:24:43'),
(928, 1641, 798, '2018-10-22 20:27:23'),
(929, 1242, 525, '2018-10-22 20:28:02'),
(930, 1242, 525, '2018-10-22 20:28:47'),
(931, 1641, 798, '2018-10-22 20:29:14'),
(932, 1242, 525, '2018-10-22 20:29:35'),
(933, 1242, 525, '2018-10-22 20:31:52'),
(934, 1242, 525, '2018-10-22 20:32:15'),
(935, 1242, 569, '2018-10-22 22:06:17'),
(936, 1242, 569, '2018-10-22 22:35:36'),
(937, 1242, 569, '2018-10-25 12:41:20'),
(938, 1242, 569, '2018-10-25 23:49:16'),
(939, 1242, 569, '2018-10-26 12:58:51');

-- --------------------------------------------------------

--
-- Estrutura da tabela `servidores`
--

CREATE TABLE IF NOT EXISTS `servidores` (
  `codigo` int(10) NOT NULL AUTO_INCREMENT,
  `nome` varchar(255) COLLATE latin1_general_ci NOT NULL DEFAULT 'Stm',
  `ip` varchar(255) COLLATE latin1_general_ci NOT NULL,
  `senha` varchar(255) COLLATE latin1_general_ci NOT NULL,
  `porta_ssh` int(6) NOT NULL DEFAULT '6985',
  `status` char(3) COLLATE latin1_general_ci NOT NULL DEFAULT 'on',
  `limite_streamings` int(10) NOT NULL DEFAULT '150',
  `tipo` varchar(255) COLLATE latin1_general_ci NOT NULL DEFAULT 'streaming',
  `load` float NOT NULL,
  `trafego` varchar(255) COLLATE latin1_general_ci NOT NULL,
  `trafego_out` varchar(255) COLLATE latin1_general_ci NOT NULL,
  `ordem` int(10) NOT NULL,
  `mensagem_manutencao` text COLLATE latin1_general_ci NOT NULL,
  `grafico_trafego` text COLLATE latin1_general_ci NOT NULL,
  `portapro` varchar(15) COLLATE latin1_general_ci NOT NULL,
  PRIMARY KEY (`codigo`)
) ENGINE=MyISAM  DEFAULT CHARSET=latin1 COLLATE=latin1_general_ci AUTO_INCREMENT=3 ;

--
-- Extraindo dados da tabela `servidores`
--

INSERT INTO `servidores` (`codigo`, `nome`, `ip`, `senha`, `porta_ssh`, `status`, `limite_streamings`, `tipo`, `load`, `trafego`, `trafego_out`, `ordem`, `mensagem_manutencao`, `grafico_trafego`, `portapro`) VALUES
(1, 'stm1', '5.135.59.81', 'SXJhQDFxMnczZTRyKzE=', 6985, 'on', 200, 'streaming', 0, '1 Kb\n', '0.00 kb/s\n', 0, '', '', '12555'),
(2, 'rtmp1', '5.135.59.81', 'U1hKaFFERnhNbmN6WlRSeSta', 6985, 'on', 200, 'aacplus', 0, '1 Kb\n', '0.00 kb/s\n', 0, '', '', '');

-- --------------------------------------------------------

--
-- Estrutura da tabela `streamings`
--

CREATE TABLE IF NOT EXISTS `streamings` (
  `codigo` int(10) NOT NULL AUTO_INCREMENT,
  `codigo_cliente` int(10) NOT NULL,
  `codigo_servidor` int(10) NOT NULL,
  `codigo_servidor_aacplus` int(10) NOT NULL,
  `porta` int(10) NOT NULL,
  `porta_dj` int(10) NOT NULL,
  `ouvintes` int(10) NOT NULL,
  `bitrate` int(10) NOT NULL,
  `bitrate_autodj` int(10) NOT NULL,
  `encoder_mp3` char(3) COLLATE latin1_general_ci NOT NULL DEFAULT 'sim',
  `encoder_aacplus` char(3) COLLATE latin1_general_ci NOT NULL DEFAULT 'sim',
  `encoder` varchar(255) COLLATE latin1_general_ci NOT NULL DEFAULT 'mp3',
  `espaco` int(10) NOT NULL,
  `espaco_usado` int(10) NOT NULL DEFAULT '0',
  `senha` varchar(255) COLLATE latin1_general_ci NOT NULL,
  `senha_admin` varchar(255) COLLATE latin1_general_ci NOT NULL,
  `streamtitle` varchar(255) COLLATE latin1_general_ci NOT NULL DEFAULT 'Web Radio',
  `streamurl` varchar(255) COLLATE latin1_general_ci NOT NULL DEFAULT 'http://www.seusite.com',
  `genre` varchar(255) COLLATE latin1_general_ci NOT NULL DEFAULT 'Rock',
  `showlastsongs` int(10) NOT NULL DEFAULT '5',
  `publicserver` char(6) COLLATE latin1_general_ci NOT NULL DEFAULT 'always',
  `allowrelay` int(1) NOT NULL DEFAULT '1',
  `descricao` text COLLATE latin1_general_ci NOT NULL,
  `xfade` int(10) NOT NULL DEFAULT '0',
  `ftp_dir` varchar(255) COLLATE latin1_general_ci NOT NULL,
  `status` int(1) NOT NULL DEFAULT '1',
  `identificacao` varchar(255) COLLATE latin1_general_ci NOT NULL DEFAULT 'Não cadastrada',
  `data_cadastro` date NOT NULL,
  `hora_cadastro` time NOT NULL,
  `local_cadastro` varchar(255) COLLATE latin1_general_ci NOT NULL DEFAULT 'painel',
  `ip_cadastro` varchar(255) COLLATE latin1_general_ci NOT NULL DEFAULT '000.000.000.000',
  `pid` int(10) NOT NULL,
  `pid_autodj` int(10) NOT NULL DEFAULT '0',
  `protecao` int(1) NOT NULL DEFAULT '0',
  `ultima_playlist` int(10) NOT NULL DEFAULT '0',
  `aacplus` char(3) COLLATE latin1_general_ci NOT NULL DEFAULT 'nao',
  `relay` char(3) COLLATE latin1_general_ci NOT NULL DEFAULT 'nao',
  `relay_ip` varchar(255) COLLATE latin1_general_ci NOT NULL DEFAULT 'empty',
  `relay_porta` int(10) NOT NULL DEFAULT '0',
  `relay_monitorar` char(3) COLLATE latin1_general_ci NOT NULL DEFAULT 'nao',
  `pagina_inicial` varchar(255) COLLATE latin1_general_ci NOT NULL DEFAULT '/informacoes',
  `autodj` char(3) COLLATE latin1_general_ci NOT NULL DEFAULT 'sim',
  `autodj_channels` int(2) NOT NULL DEFAULT '2',
  `autodj_samplerate` int(6) NOT NULL DEFAULT '44100',
  `autodj_shuffle` int(1) NOT NULL DEFAULT '0',
  `autodj_prog_aovivo` char(3) COLLATE latin1_general_ci NOT NULL DEFAULT 'nao',
  `autodj_prog_aovivo_msg` varchar(255) COLLATE latin1_general_ci NOT NULL DEFAULT 'Programação ao vivo',
  `idioma_painel` char(10) COLLATE latin1_general_ci NOT NULL DEFAULT 'pt-br',
  `email` varchar(255) COLLATE latin1_general_ci NOT NULL,
  `app_url_logo` varchar(255) COLLATE latin1_general_ci NOT NULL DEFAULT 'http://',
  `app_url_background` varchar(255) COLLATE latin1_general_ci NOT NULL DEFAULT 'http://',
  `exibir_app_android` char(3) COLLATE latin1_general_ci NOT NULL DEFAULT 'sim',
  `exibir_atalhos` char(3) COLLATE latin1_general_ci NOT NULL DEFAULT 'nao',
  `player_autoplay` char(5) COLLATE latin1_general_ci NOT NULL DEFAULT 'true',
  `player_exibir_chat` char(3) COLLATE latin1_general_ci NOT NULL DEFAULT 'nao',
  `player_exibir_pedido_musical` char(3) COLLATE latin1_general_ci NOT NULL DEFAULT 'nao',
  `player_volume_inicial` char(3) COLLATE latin1_general_ci NOT NULL DEFAULT '1.0',
  `permitir_alterar_senha` char(3) COLLATE latin1_general_ci NOT NULL DEFAULT 'sim',
  `timezone` varchar(255) COLLATE latin1_general_ci NOT NULL DEFAULT 'America/Sao_Paulo',
  `formato_data` char(11) COLLATE latin1_general_ci NOT NULL DEFAULT 'd/m/Y H:i:s',
  `exibir_mini_site` char(3) COLLATE latin1_general_ci NOT NULL DEFAULT 'nao',
  `mini_site_dominio` varchar(255) COLLATE latin1_general_ci NOT NULL,
  `mini_site_cor_fundo` char(6) COLLATE latin1_general_ci NOT NULL DEFAULT 'FFFFFF',
  `mini_site_cor_topo` char(6) COLLATE latin1_general_ci NOT NULL DEFAULT 'E9E9E9',
  `mini_site_cor_texto_topo` char(6) COLLATE latin1_general_ci NOT NULL DEFAULT '000000',
  `mini_site_cor_texto_padrao` char(6) COLLATE latin1_general_ci NOT NULL DEFAULT '000000',
  `mini_site_cor_texto_rodape` char(6) COLLATE latin1_general_ci NOT NULL DEFAULT '000000',
  `mini_site_exibir_chat` char(3) COLLATE latin1_general_ci NOT NULL DEFAULT 'sim',
  `mini_site_exibir_xat_id` int(10) NOT NULL,
  `mini_site_url_facebook` text COLLATE latin1_general_ci NOT NULL,
  `mini_site_url_twitter` text COLLATE latin1_general_ci NOT NULL,
  `arquivo_intro` varchar(255) COLLATE latin1_general_ci NOT NULL,
  `arquivo_backup` varchar(255) COLLATE latin1_general_ci NOT NULL,
  `aparencia_exibir_stats_ouvintes` char(3) COLLATE latin1_general_ci NOT NULL DEFAULT 'sim',
  `aparencia_exibir_stats_ftp` char(3) COLLATE latin1_general_ci NOT NULL DEFAULT 'sim',
  `aparencia_exibir_musica_atual` char(3) COLLATE latin1_general_ci NOT NULL DEFAULT 'sim',
  `aparencia_exibir_player` char(3) COLLATE latin1_general_ci NOT NULL DEFAULT 'sim',
  `ultimo_acesso_data` datetime NOT NULL,
  `ultimo_acesso_ip` varchar(255) COLLATE latin1_general_ci NOT NULL DEFAULT '000.000.000.000',
  `data_bloqueio` datetime NOT NULL,
  `programetes` varchar(10) COLLATE latin1_general_ci DEFAULT NULL,
  PRIMARY KEY (`codigo`),
  KEY `indice_porta` (`porta`),
  KEY `indice_porta_dj` (`porta_dj`),
  FULLTEXT KEY `idioma_painel` (`idioma_painel`)
) ENGINE=MyISAM  DEFAULT CHARSET=latin1 COLLATE=latin1_general_ci AUTO_INCREMENT=50 ;

--
-- Extraindo dados da tabela `streamings`
--

INSERT INTO `streamings` (`codigo`, `codigo_cliente`, `codigo_servidor`, `codigo_servidor_aacplus`, `porta`, `porta_dj`, `ouvintes`, `bitrate`, `bitrate_autodj`, `encoder_mp3`, `encoder_aacplus`, `encoder`, `espaco`, `espaco_usado`, `senha`, `senha_admin`, `streamtitle`, `streamurl`, `genre`, `showlastsongs`, `publicserver`, `allowrelay`, `descricao`, `xfade`, `ftp_dir`, `status`, `identificacao`, `data_cadastro`, `hora_cadastro`, `local_cadastro`, `ip_cadastro`, `pid`, `pid_autodj`, `protecao`, `ultima_playlist`, `aacplus`, `relay`, `relay_ip`, `relay_porta`, `relay_monitorar`, `pagina_inicial`, `autodj`, `autodj_channels`, `autodj_samplerate`, `autodj_shuffle`, `autodj_prog_aovivo`, `autodj_prog_aovivo_msg`, `idioma_painel`, `email`, `app_url_logo`, `app_url_background`, `exibir_app_android`, `exibir_atalhos`, `player_autoplay`, `player_exibir_chat`, `player_exibir_pedido_musical`, `player_volume_inicial`, `permitir_alterar_senha`, `timezone`, `formato_data`, `exibir_mini_site`, `mini_site_dominio`, `mini_site_cor_fundo`, `mini_site_cor_topo`, `mini_site_cor_texto_topo`, `mini_site_cor_texto_padrao`, `mini_site_cor_texto_rodape`, `mini_site_exibir_chat`, `mini_site_exibir_xat_id`, `mini_site_url_facebook`, `mini_site_url_twitter`, `arquivo_intro`, `arquivo_backup`, `aparencia_exibir_stats_ouvintes`, `aparencia_exibir_stats_ftp`, `aparencia_exibir_musica_atual`, `aparencia_exibir_player`, `ultimo_acesso_data`, `ultimo_acesso_ip`, `data_bloqueio`, `programetes`) VALUES
(49, 0, 1, 2, 12555, 35002, 500, 64, 64, 'sim', 'sim', 'aacp', 4056, 0, 'programante', 'd9f372ec8f13', 'Web Radio', 'http://www.seusite.com', 'Rock', 5, 'always', 1, '', 0, '/home/streaming/12555', 1, 'programante', '2018-10-22', '20:18:56', 'painel-admin', '138.255.112.42', 0, 0, 0, 0, 'sim', 'nao', 'empty', 0, 'nao', '/informacoes', 'sim', 2, 44100, 0, 'nao', 'Programação ao vivo', 'pt-br', 'ciadaradio@hotmail.com', 'http://', 'http://', 'sim', 'nao', 'true', 'nao', 'nao', '1.0', 'sim', 'America/Sao_Paulo', 'd/m/Y H:i:s', 'nao', '', 'FFFFFF', 'E9E9E9', '000000', '000000', '000000', 'sim', 0, '', '', '', '', 'sim', 'sim', 'sim', 'sim', '0000-00-00 00:00:00', '000.000.000.000', '0000-00-00 00:00:00', 'sim'),
(47, 0, 1, 2, 7000, 35000, 230, 64, 48, 'sim', 'sim', 'aacp', 5421, 3, '123', '65547f68d7a2', 'Web Radio', 'http://www.seusite.com', 'Rock', 5, 'always', 1, '', 0, '/home/streaming/7000', 1, 'teste', '2018-10-20', '13:59:28', 'painel-admin', '179.222.143.234', 0, 0, 0, 6, 'nao', 'nao', 'empty', 0, 'nao', '/informacoes', 'sim', 2, 44100, 0, 'nao', 'Programação ao vivo', 'pt-br', 'ciadaradio@hotmail.com', 'http://', 'http://', 'sim', 'nao', 'true', 'nao', 'nao', '1.0', 'sim', 'America/Sao_Paulo', 'd/m/Y H:i:s', 'nao', '', 'FFFFFF', 'E9E9E9', '000000', '000000', '000000', 'sim', 0, '', '', '', '', 'sim', 'sim', 'sim', 'sim', '2018-10-26 12:58:50', '138.255.112.42', '0000-00-00 00:00:00', 'sim');

-- --------------------------------------------------------

--
-- Estrutura da tabela `tutoriais`
--

CREATE TABLE IF NOT EXISTS `tutoriais` (
  `codigo` int(10) NOT NULL AUTO_INCREMENT,
  `titulo` varchar(255) COLLATE latin1_general_ci NOT NULL,
  `data` date NOT NULL,
  `vizualizacoes` int(10) NOT NULL,
  `tutorial` longtext COLLATE latin1_general_ci NOT NULL,
  PRIMARY KEY (`codigo`)
) ENGINE=MyISAM  DEFAULT CHARSET=latin1 COLLATE=latin1_general_ci AUTO_INCREMENT=2 ;

--
-- Extraindo dados da tabela `tutoriais`
--

INSERT INTO `tutoriais` (`codigo`, `titulo`, `data`, `vizualizacoes`, `tutorial`) VALUES
(1, 'teste', '2018-09-04', 0, '<p>testerser</p>');

/*!40101 SET CHARACTER_SET_CLIENT=@OLD_CHARACTER_SET_CLIENT */;
/*!40101 SET CHARACTER_SET_RESULTS=@OLD_CHARACTER_SET_RESULTS */;
/*!40101 SET COLLATION_CONNECTION=@OLD_COLLATION_CONNECTION */;
